16.728716803176965,0.0,0.0,0.0,0.0,0.0,674.3055420766065,0.0,0.0,0.0,0.0,0.0,0.0,0.0,0.0,0.0,0,0,0,0,0,0,0,0,0,0,0,0,0,0,0,0,0,0,0,0,0,-1,-1,-1,-1,-1,-1,-1,-1,-1,-1,-1,-1,-1,-1,-1,-1,-1,-1,-1,-1,-1,-1,-1,-1,-1,-1,-1,-1,-1,0.0
27.128319682303303,0.0,0.0,0.0,0.0,0.0,674.3055420766065,419.4461622241998,0.0,0.0,0.0,0.0,0.0,0.0,0.0,0.0,0,0,0,0,0,0,0,0,0,0,0,0,0,0,0,0,0,0,0,0,0,0,-1,-1,-1,-1,-1,-1,-1,-1,-1,-1,-1,-1,-1,-1,-1,-1,-1,-1,-1,-1,-1,-1,-1,-1,-1,-1,-1,-1,0.0
42.7897741375031,0.0,0.0,0.0,0.0,0.0,674.3055420766065,419.4461622241998,631.0513939179824,0.0,0.0,0.0,0.0,0.0,0.0,0.0,0,0,0,0,0,0,0,0,0,0,0,0,0,0,0,0,0,0,0,0,0,0,0,-1,-1,-1,-1,-1,-1,-1,-1,-1,-1,-1,-1,-1,-1,-1,-1,-1,-1,-1,-1,-1,-1,-1,-1,-1,-1,-1,0.0
54.48001985604368,0.0,0.0,0.0,0.0,0.0,674.3055420766065,419.4461622241998,631.0513939179824,471.00836329859106,0.0,0.0,0.0,0.0,0.0,0.0,0,0,0,0,0,0,0,0,0,0,0,0,0,0,0,0,0,0,0,0,0,0,0,0,-1,-1,-1,-1,-1,-1,-1,-1,-1,-1,-1,-1,-1,-1,-1,-1,-1,-1,-1,-1,-1,-1,-1,-1,-1,-1,899.6142434804938
38.89302556465624,21.784744507529005,0.0,0.0,0.0,0.0,887.8565896286426,877.3386810122662,631.0513939179824,471.00836329859106,465.83499855134875,0.0,0.0,0.0,0.0,0.0,0,0,0,0,0,0,0,0,0,0,0,0,0,0,0,0,0,0,0,0,1,1,0,0,0,-1,-1,-1,-1,-1,-1,-1,-1,-1,-1,-1,-1,-1,-1,-1,-1,-1,-1,-1,-1,-1,-1,-1,-1,-1,471.70052778649733
26.73119880863738,53.72747469760553,0.0,0.0,0.0,0.0,887.8565896286426,877.3386810122662,1385.37864271004,1203.1984198303842,465.83499855134875,611.3363067526898,0.0,0.0,0.0,0.0,0,0,0,0,0,0,0,0,0,0,0,0,0,0,0,0,0,0,0,0,1,1,1,1,0,0,-1,-1,-1,-1,-1,-1,-1,-1,-1,-1,-1,-1,-1,-1,-1,-1,-1,-1,-1,-1,-1,-1,-1,-1,543.3444932253285
25.539836187639615,71.58726240434461,0.0,0.0,0.0,0.0,887.8565896286426,877.3386810122662,1385.37864271004,1079.132637673136,1571.2468060557483,611.3363067526898,418.07863612812815,0.0,0.0,0.0,0,0,0,0,0,0,0,0,0,0,0,0,0,0,0,0,0,0,0,0,1,1,1,1,1,0,0,-1,-1,-1,-1,-1,-1,-1,-1,-1,-1,-1,-1,-1,-1,-1,-1,-1,-1,-1,-1,-1,-1,-1,669.7690332415428
39.71208736659221,36.4848185633177,36.39749239649929,0.0,0.0,0.0,2192.9787383724074,1896.9355398285493,1385.37864271004,1774.5705726637832,1571.2468060557483,611.3363067526898,418.07863612812815,571.5265531019063,0.0,0.0,0,0,0,0,0,0,0,0,0,0,0,0,0,0,0,0,0,0,0,0,2,2,1,2,1,0,0,0,-1,-1,-1,-1,-1,-1,-1,-1,-1,-1,-1,-1,-1,-1,-1,-1,-1,-1,-1,-1,-1,-1,689.9476718741604
28.840903449987593,40.693655887435206,46.4837688535783,0.0,0.0,0.0,2192.9787383724074,1896.9355398285493,1625.2324383417672,1774.5705726637832,1571.2468060557483,916.4678195190937,810.190296171332,571.5265531019063,590.8682637939636,0.0,0,0,0,0,0,0,0,0,0,0,0,0,0,0,0,0,0,0,0,0,2,2,2,2,1,1,1,0,0,-1,-1,-1,-1,-1,-1,-1,-1,-1,-1,-1,-1,-1,-1,-1,-1,-1,-1,-1,-1,-1,566.3901805749633
35.91461901216182,51.23426314490249,57.252808640059584,0.0,0.0,0.0,2791.147141457057,1896.9355398285493,1625.2324383417672,1178.3370950713042,436.7846371289756,916.4678195190937,810.190296171332,0.0,590.8682637939636,0.0,0,0,0,0,0,0,0,0,0,0,0,0,0,0,0,0,0,0,0,0,2,2,2,1,0,1,1,-1,0,-1,-1,-1,-1,-1,-1,-1,-1,-1,-1,-1,-1,-1,-1,-1,-1,-1,-1,-1,-1,-1,671.6156408423718
49.54082898982378,29.93088126388546,75.93569610824902,0.0,0.0,0.0,2791.147141457057,2514.5409276262694,1625.2324383417672,1178.3370950713042,436.7846371289756,2392.1417097460635,549.605784188011,0.0,590.8682637939636,0.0,0,0,0,0,0,0,0,0,0,0,0,0,0,0,0,0,0,0,0,0,2,2,2,1,0,2,0,-1,0,-1,-1,-1,-1,-1,-1,-1,-1,-1,-1,-1,-1,-1,-1,-1,-1,-1,-1,-1,-1,-1,736.5338128177884
67.73392901464383,62.527770920760304,87.84060579728136,0.0,0.0,0.0,2791.147141457057,2514.5409276262694,1116.065298514448,1178.3370950713042,436.7846371289756,2392.1417097460635,549.605784188011,798.1155822728865,0.0,0.0,0,0,0,0,0,0,0,0,0,0,0,0,0,0,0,0,0,0,0,0,2,2,1,1,0,2,0,0,-1,-1,-1,-1,-1,-1,-1,-1,-1,-1,-1,-1,-1,-1,-1,-1,-1,-1,-1,-1,-1,-1,696.8163652526262
77.73641102010424,47.97580844235991,80.93848923096022,0.0,0.0,0.0,1679.4439962534511,2514.5409276262694,1116.065298514448,402.7319231687174,436.7846371289756,2392.1417097460635,549.605784188011,798.1155822728865,0.0,0.0,0,0,0,0,0,0,0,0,0,0,0,0,0,0,0,0,0,0,0,0,2,2,1,0,0,2,0,0,-1,-1,-1,-1,-1,-1,-1,-1,-1,-1,-1,-1,-1,-1,-1,-1,-1,-1,-1,-1,-1,-1,771.5286991263519
59.24547034003474,100.0,72.73291539941654,0.0,0.0,0.0,1679.4439962534511,948.5089098059846,1116.065298514448,402.7319231687174,1064.628201689945,1074.4643478955613,634.3878860277937,0.0,0.0,0.0,0,0,0,0,0,0,0,0,0,0,0,0,0,0,0,0,0,0,0,0,2,1,1,0,1,1,0,-1,-1,-1,-1,-1,-1,-1,-1,-1,-1,-1,-1,-1,-1,-1,-1,-1,-1,-1,-1,-1,-1,-1,616.4886233969852
74.28642343013155,75.80844235991113,85.09713860095587,0.0,13.255986176252776,0.0,1679.4439962534511,948.5089098059846,1991.395519314369,402.7319231687174,1064.628201689945,1074.4643478955613,634.3878860277937,605.2074355786712,0.0,0.0,0,0,0,0,0,0,0,0,0,0,0,0,0,0,0,0,0,0,0,0,2,1,2,0,1,4,0,0,-1,-1,-1,-1,-1,-1,-1,-1,-1,-1,-1,-1,-1,-1,-1,-1,-1,-1,-1,-1,-1,-1,642.1682994083615
89.6500372300819,100.0,98.67171497734468,0.0,13.255986176252776,10.421451182421947,1679.4439962534511,948.5089098059846,1991.395519314369,951.6847859160765,1064.628201689945,1074.4643478955613,634.3878860277937,605.2074355786712,543.2242706685897,0.0,0,0,0,0,0,0,0,0,0,0,0,0,0,0,0,0,0,0,0,0,5,1,2,1,1,4,0,0,0,-1,-1,-1,-1,-1,-1,-1,-1,-1,-1,-1,-1,-1,-1,-1,-1,-1,-1,-1,-1,-1,684.8636982300061
94.14246711342766,87.25006171315725,100.0,0.0,13.132559861762527,0.0,3157.4334564205146,1896.9355398285493,827.2664595345126,951.6847859160765,1064.628201689945,785.6232190106965,634.3878860277937,0.0,543.2242706685897,0.0,0,0,0,0,0,0,0,0,0,0,0,0,0,0,0,0,0,0,0,0,2,2,1,1,4,0,0,-1,0,-1,-1,-1,-1,-1,-1,-1,-1,-1,-1,-1,-1,-1,-1,-1,-1,-1,-1,-1,-1,-1,1048.9183141498997
100.0,100.0,100.0,0.0,11.73784250802271,11.768357023151884,3157.4334564205146,1896.9355398285493,827.2664595345126,951.6847859160765,2148.2853171616557,785.6232190106965,1203.1984198303842,576.2507065680937,543.2242706685897,0.0,0,0,0,0,0,0,0,0,0,0,0,0,0,0,0,0,0,0,0,0,2,5,1,4,2,0,1,0,0,-1,-1,-1,-1,-1,-1,-1,-1,-1,-1,-1,-1,-1,-1,-1,-1,-1,-1,-1,-1,-1,502.1974046981218
89.72449739389427,100.0,100.0,14.296351451973194,10.207356208343619,11.768357023151884,2192.9787383724074,1896.9355398285493,827.2664595345126,1203.1984198303842,458.74181397463275,785.6232190106965,1203.1984198303842,576.2507065680937,0.0,0.0,0,0,0,0,0,0,0,0,0,0,0,0,0,0,0,0,0,0,0,0,2,5,4,1,0,0,1,3,-1,-1,-1,-1,-1,-1,-1,-1,-1,-1,-1,-1,-1,-1,-1,-1,-1,-1,-1,-1,-1,-1,742.3897866577308
26.383718044179698,15.366576154036041,25.95742039600273,14.296351451973194,14.848185633176994,13.605611073179816,2192.9787383724074,2095.6805828629576,1245.7441032810002,1203.1984198303842,458.74181397463275,2086.917422091666,605.2074355786712,576.2507065680937,0.0,0.0,0,0,0,0,0,0,0,0,0,0,0,0,0,0,0,0,0,0,0,0,5,2,1,4,0,2,0,3,-1,-1,-1,-1,-1,-1,-1,-1,-1,-1,-1,-1,-1,-1,-1,-1,-1,-1,-1,-1,-1,-1,595.182303639514
41.995532390171256,34.238459639595156,36.29197442740985,0.0,0.0,13.605611073179816,2192.9787383724074,2095.6805828629576,1245.7441032810002,1664.9500654494054,458.74181397463275,2086.917422091666,605.2074355786712,1529.225866320342,628.2654252023498,0.0,0,0,0,0,0,0,0,0,0,0,0,0,0,0,0,0,0,0,0,0,5,2,1,2,0,2,0,1,0,-1,-1,-1,-1,-1,-1,-1,-1,-1,-1,-1,-1,-1,-1,-1,-1,-1,-1,-1,-1,-1,652.011718275977
25.663936460660214,42.66847691927919,48.302402085531625,0.0,0.0,0.0,1935.3696540539536,2095.6805828629576,863.1522387177348,1664.9500654494054,1064.628201689945,2086.917422091666,405.8225068527031,1529.225866320342,628.2654252023498,0.0,0,0,0,0,0,0,0,0,0,0,0,0,0,0,0,0,0,0,0,0,2,2,1,2,1,2,0,1,0,-1,-1,-1,-1,-1,-1,-1,-1,-1,-1,-1,-1,-1,-1,-1,-1,-1,-1,-1,-1,-1,380.2843316838443
33.82973442541574,54.14712416687237,24.964310098690337,0.0,0.0,0.0,1935.3696540539536,930.2590546649918,863.1522387177348,735.310726432239,1064.628201689945,2086.917422091666,0.0,1529.225866320342,628.2654252023498,0.0,0,0,0,0,0,0,0,0,0,0,0,0,0,0,0,0,0,0,0,0,2,1,1,0,1,2,-1,1,0,-1,-1,-1,-1,-1,-1,-1,-1,-1,-1,-1,-1,-1,-1,-1,-1,-1,-1,-1,-1,-1,1000.4053263758835
32.91139240506329,64.62601826709454,12.010427658121781,0.0,0.0,0.0,1935.3696540539536,930.2590546649918,863.1522387177348,735.310726432239,1064.628201689945,1196.600635528421,590.8682637939636,1181.494545674827,0.0,0.0,0,0,0,0,0,0,0,0,0,0,0,0,0,0,0,0,0,0,0,0,2,1,1,0,1,1,0,1,-1,-1,-1,-1,-1,-1,-1,-1,-1,-1,-1,-1,-1,-1,-1,-1,-1,-1,-1,-1,-1,-1,750.2788622999836
48.870687515512536,27.90668970624537,36.72646018248402,0.0,0.0,0.0,2060.4280407364645,2236.3518634195166,1620.380595458781,735.310726432239,1064.628201689945,1196.600635528421,590.8682637939636,643.187101675752,0.0,0.0,0,0,0,0,0,0,0,0,0,0,0,0,0,0,0,0,0,0,0,0,2,2,2,0,1,1,0,0,-1,-1,-1,-1,-1,-1,-1,-1,-1,-1,-1,-1,-1,-1,-1,-1,-1,-1,-1,-1,-1,-1,663.0207898063891
25.415735914619013,21.57491977289558,74.371547389982,0.0,0.0,0.0,2060.4280407364645,2236.3518634195166,1620.380595458781,863.1522387177348,3107.803144105226,2957.8401968246035,590.8682637939636,885.7838472849353,433.1775814580644,0.0,0,0,0,0,0,0,0,0,0,0,0,0,0,0,0,0,0,0,0,0,2,2,2,1,2,2,0,1,0,-1,-1,-1,-1,-1,-1,-1,-1,-1,-1,-1,-1,-1,-1,-1,-1,-1,-1,-1,-1,-1,575.1849507775903
24.621494167287167,33.16465070352999,61.58525231208492,0.0,0.0,0.0,938.1939169386042,2236.3518634195166,1620.380595458781,863.1522387177348,3107.803144105226,2957.8401968246035,558.8373252717306,885.7838472849353,433.1775814580644,0.0,0,0,0,0,0,0,0,0,0,0,0,0,0,0,0,0,0,0,0,0,1,2,2,1,2,2,0,1,0,-1,-1,-1,-1,-1,-1,-1,-1,-1,-1,-1,-1,-1,-1,-1,-1,-1,-1,-1,-1,-1,576.8758678205861
37.37900223380491,33.16465070352999,0.0,0.0,0.0,0.0,938.1939169386042,514.5578929491571,0.0,863.1522387177348,0.0,0.0,558.8373252717306,885.7838472849353,433.1775814580644,0.0,0,0,0,0,0,0,0,0,0,0,0,0,0,0,0,0,0,0,0,0,1,0,-1,1,-1,-1,0,1,0,-1,-1,-1,-1,-1,-1,-1,-1,-1,-1,-1,-1,-1,-1,-1,-1,-1,-1,-1,-1,-1,713.2469575384669
25.912137006701414,24.89508763268329,44.522376016386325,0.0,0.0,0.0,1991.395519314369,514.5578929491571,2533.8807882880765,1076.7326721057477,2647.7836930219532,940.7363078716186,530.0797679475845,0.0,0.0,0.0,0,0,0,0,0,0,0,0,0,0,0,0,0,0,0,0,0,0,0,0,2,0,2,1,2,1,0,-1,-1,-1,-1,-1,-1,-1,-1,-1,-1,-1,-1,-1,-1,-1,-1,-1,-1,-1,-1,-1,-1,-1,0.0
60.38719285182428,46.95137003209084,66.5632176773633,0.0,0.0,0.0,1991.395519314369,514.5578929491571,2533.8807882880765,1076.7326721057477,2647.7836930219532,940.7363078716186,530.0797679475845,798.1155822728865,0.0,0.0,0,0,0,0,0,0,0,0,0,0,0,0,0,0,0,0,0,0,0,0,2,0,2,1,2,1,0,0,-1,-1,-1,-1,-1,-1,-1,-1,-1,-1,-1,-1,-1,-1,-1,-1,-1,-1,-1,-1,-1,-1,469.19527716127186
44.849838669645074,70.99481609479142,54.198994475823966,0.0,0.0,0.0,1009.7454258191793,938.1939169386042,2533.8807882880765,1076.7326721057477,2647.7836930219532,940.7363078716186,418.07863612812815,798.1155822728865,0.0,0.0,0,0,0,0,0,0,0,0,0,0,0,0,0,0,0,0,0,0,0,0,1,1,2,1,2,1,0,0,-1,-1,-1,-1,-1,-1,-1,-1,-1,-1,-1,-1,-1,-1,-1,-1,-1,-1,-1,-1,-1,-1,806.897556017515
72.6234797716555,69.56307084670452,69.67289429582273,0.0,0.0,0.0,1009.7454258191793,938.1939169386042,1620.380595458781,1763.8501590844298,474.23400989955957,0.0,418.07863612812815,798.1155822728865,0.0,0.0,0,0,0,0,0,0,0,0,0,0,0,0,0,0,0,0,0,0,0,0,1,1,2,2,0,-1,0,0,-1,-1,-1,-1,-1,-1,-1,-1,-1,-1,-1,-1,-1,-1,-1,-1,-1,-1,-1,-1,-1,-1,0.0
84.01588483494665,69.56307084670452,69.67289429582273,0.0,0.0,0.0,1009.7454258191793,938.1939169386042,1620.380595458781,1763.8501590844298,474.23400989955957,459.19024068251815,418.07863612812815,798.1155822728865,0.0,0.0,0,0,0,0,0,0,0,0,0,0,0,0,0,0,0,0,0,0,0,0,1,1,2,2,0,0,0,0,-1,-1,-1,-1,-1,-1,-1,-1,-1,-1,-1,-1,-1,-1,-1,-1,-1,-1,-1,-1,-1,-1,859.6569130177423
86.96947133283693,100.0,100.0,0.0,0.0,0.0,1009.7454258191793,2127.7849120179944,1620.380595458781,1763.8501590844298,474.23400989955957,459.19024068251815,917.7449436151724,877.3386810122662,640.1184615181913,0.0,0,0,0,0,0,0,0,0,0,0,0,0,0,0,0,0,0,0,0,0,1,2,2,2,0,0,1,1,0,-1,-1,-1,-1,-1,-1,-1,-1,-1,-1,-1,-1,-1,-1,-1,-1,-1,-1,-1,-1,-1,904.9194792451707
90.34499875899728,92.10071587262404,99.31723667059774,0.0,11.318193038755862,13.202160014896656,2086.9171845041096,2127.7849120179944,1620.380595458781,1306.4844515396771,610.3790129723532,459.19024068251815,917.7449436151724,877.3386810122662,640.1184615181913,0.0,0,0,0,0,0,0,0,0,0,0,0,0,0,0,0,0,0,0,0,0,2,5,2,1,0,0,4,1,0,-1,-1,-1,-1,-1,-1,-1,-1,-1,-1,-1,-1,-1,-1,-1,-1,-1,-1,-1,-1,-1,1022.0881269279453
100.0,100.0,97.25653280367452,0.0,27.450012342631446,26.15604245546521,2086.9171845041096,2127.7849120179944,909.7357655056462,1306.4844515396771,610.3790129723532,471.00836329859106,917.7449436151724,877.3386810122662,640.1184615181913,0.0,0,0,0,0,0,0,0,0,0,0,0,0,0,0,0,0,0,0,0,0,5,5,1,4,0,0,4,1,0,-1,-1,-1,-1,-1,-1,-1,-1,-1,-1,-1,-1,-1,-1,-1,-1,-1,-1,-1,-1,-1,699.3813837132313
83.24646314221891,100.0,100.0,0.0,27.351271291039247,12.947675501210353,2086.9171845041096,1525.7075630243467,909.7357655056462,1306.4844515396771,1819.471380528662,471.00836329859106,1771.6346260561663,1571.2468060557483,431.4771930300991,0.0,0,0,0,0,0,0,0,0,0,0,0,0,0,0,0,0,0,0,0,0,5,1,4,4,2,0,2,1,0,-1,-1,-1,-1,-1,-1,-1,-1,-1,-1,-1,-1,-1,-1,-1,-1,-1,-1,-1,-1,-1,681.2367075320392
95.85505088111194,100.0,100.0,0.0,19.390274006418167,10.992489603376574,2192.9787383724074,1525.7075630243467,2533.8807882880765,877.3386810122662,1819.471380528662,597.5596412478345,1771.6346260561663,1571.2468060557483,431.4771930300991,0.0,0,0,0,0,0,0,0,0,0,0,0,0,0,0,0,0,0,0,0,0,2,1,2,1,2,0,5,4,0,-1,-1,-1,-1,-1,-1,-1,-1,-1,-1,-1,-1,-1,-1,-1,-1,-1,-1,-1,-1,-1,413.89968059007003
100.0,100.0,100.0,10.697443534375775,38.21278696618119,26.720873937061633,2192.9787383724074,1525.7075630243467,2533.8807882880765,877.3386810122662,735.310726432239,597.5596412478345,1771.6346260561663,1571.2468060557483,431.4771930300991,0.0,0,0,0,0,0,0,0,0,0,0,0,0,0,0,0,0,0,0,0,0,2,4,5,1,0,0,5,4,3,-1,-1,-1,-1,-1,-1,-1,-1,-1,-1,-1,-1,-1,-1,-1,-1,-1,-1,-1,-1,-1,723.1539548442161
28.940183668404067,0.0,25.30569176339147,25.539836187639615,10.824487780794865,13.605611073179816,2192.9787383724074,2148.2853171616557,1929.1756166240234,877.3386810122662,735.310726432239,597.5596412478345,431.445012565758,0.0,431.4771930300991,0.0,0,0,0,0,0,0,0,0,0,0,0,0,0,0,0,0,0,0,0,0,5,2,2,4,0,3,0,-1,3,-1,-1,-1,-1,-1,-1,-1,-1,-1,-1,-1,-1,-1,-1,-1,-1,-1,-1,-1,-1,-1,667.9276970237628
39.31496649292628,25.413478153542336,22.09049717584259,0.0,0.0,0.0,1630.8020564194846,863.1522387177348,1929.1756166240234,1196.600635528421,735.310726432239,418.07863612812815,431.445012565758,0.0,0.0,0.0,0,0,0,0,0,0,0,0,0,0,0,0,0,0,0,0,0,0,0,0,2,1,2,1,0,0,0,-1,-1,-1,-1,-1,-1,-1,-1,-1,-1,-1,-1,-1,-1,-1,-1,-1,-1,-1,-1,-1,-1,-1,681.69697405218
33.85455448001986,44.8531226857566,22.09049717584259,0.0,0.0,0.0,1630.8020564194846,863.1522387177348,1929.1756166240234,1196.600635528421,1575.0295402728193,418.07863612812815,431.445012565758,514.5578929491571,0.0,0.0,0,0,0,0,0,0,0,0,0,0,0,0,0,0,0,0,0,0,0,0,2,1,2,1,1,0,0,0,-1,-1,-1,-1,-1,-1,-1,-1,-1,-1,-1,-1,-1,-1,-1,-1,-1,-1,-1,-1,-1,-1,767.4875655039391
34.49987589972698,62.873364601333,10.117311153870027,0.0,0.0,0.0,1630.8020564194846,863.1522387177348,1459.768279373831,1196.600635528421,1575.0295402728193,418.07863612812815,457.73155329463674,514.5578929491571,0.0,0.0,0,0,0,0,0,0,0,0,0,0,0,0,0,0,0,0,0,0,0,0,2,1,1,1,1,0,0,0,-1,-1,-1,-1,-1,-1,-1,-1,-1,-1,-1,-1,-1,-1,-1,-1,-1,-1,-1,-1,-1,-1,855.6263487309775
35.666418466120625,49.43223895334485,25.77741915461486,0.0,0.0,0.0,2010.2595573766505,2143.2883599075767,1459.768279373831,970.9311642340316,1575.0295402728193,464.8590468950376,457.73155329463674,514.5578929491571,0.0,0.0,0,0,0,0,0,0,0,0,0,0,0,0,0,0,0,0,0,0,0,0,2,2,1,1,1,0,0,0,-1,-1,-1,-1,-1,-1,-1,-1,-1,-1,-1,-1,-1,-1,-1,-1,-1,-1,-1,-1,-1,-1,750.0241820859646
50.33507073715562,29.992594421130587,39.80510210415244,0.0,0.0,0.0,2010.2595573766505,2143.2883599075767,1459.768279373831,970.9311642340316,2259.7473766264893,464.8590468950376,457.73155329463674,514.5578929491571,590.8682637939636,0.0,0,0,0,0,0,0,0,0,0,0,0,0,0,0,0,0,0,0,0,0,2,2,1,1,2,0,0,0,0,-1,-1,-1,-1,-1,-1,-1,-1,-1,-1,-1,-1,-1,-1,-1,-1,-1,-1,-1,-1,-1,886.7089172879249
40.80416976917349,39.16316958775611,51.57966606666253,0.0,0.0,0.0,2010.2595573766505,2143.2883599075767,1896.9355398285493,970.9311642340316,2259.7473766264893,464.8590468950376,970.9311642340316,1231.3630607446833,590.8682637939636,589.1686918820019,0,0,0,0,0,0,0,0,0,0,0,0,0,0,0,0,0,0,0,0,2,2,2,1,2,0,1,1,0,0,-1,-1,-1,-1,-1,-1,-1,-1,-1,-1,-1,-1,-1,-1,-1,-1,-1,-1,-1,-1,730.1683341511914
45.02357905187392,39.79264379165638,35.19955310036621,0.0,0.0,0.0,1630.8020564194846,2143.2883599075767,1896.9355398285493,1022.0287790173022,634.5890765611629,0.0,970.9311642340316,1231.3630607446833,590.8682637939636,589.1686918820019,0,0,0,0,0,0,0,0,0,0,0,0,0,0,0,0,0,0,0,0,2,2,2,1,0,-1,1,1,0,0,-1,-1,-1,-1,-1,-1,-1,-1,-1,-1,-1,-1,-1,-1,-1,-1,-1,-1,-1,-1,824.6046970045246
41.74733184413006,51.258948407800546,21.891875116380113,0.0,0.0,0.0,1630.8020564194846,929.2462688167204,1896.9355398285493,1022.0287790173022,634.5890765611629,458.74181397463275,970.9311642340316,1231.3630607446833,0.0,589.1686918820019,0,0,0,0,0,0,0,0,0,0,0,0,0,0,0,0,0,0,0,0,2,1,2,1,0,0,1,1,-1,0,-1,-1,-1,-1,-1,-1,-1,-1,-1,-1,-1,-1,-1,-1,-1,-1,-1,-1,-1,-1,773.7547062442326
27.02903946388682,47.03776845223402,40.05337967848054,0.0,0.0,0.0,1630.8020564194846,929.2462688167204,839.7218285177887,1022.0287790173022,1664.9500654494054,458.74181397463275,3157.4334564205146,1020.5874620036905,631.0513939179824,0.0,0,0,0,0,0,0,0,0,0,0,0,0,0,0,0,0,0,0,0,0,2,1,1,1,2,0,2,1,0,-1,-1,-1,-1,-1,-1,-1,-1,-1,-1,-1,-1,-1,-1,-1,-1,-1,-1,-1,-1,-1,632.4922382680581
36.51030032266071,64.82350037027894,62.96939978896406,0.0,0.0,0.0,1679.4439962534511,929.2462688167204,839.7218285177887,865.0157066207187,1664.9500654494054,407.63110956798135,3157.4334564205146,1020.5874620036905,631.0513939179824,0.0,0,0,0,0,0,0,0,0,0,0,0,0,0,0,0,0,0,0,0,0,2,1,1,1,2,0,2,1,0,-1,-1,-1,-1,-1,-1,-1,-1,-1,-1,-1,-1,-1,-1,-1,-1,-1,-1,-1,-1,-1,517.9973665601306
31.347728965003725,58.41767464823501,60.194897895847554,0.0,0.0,0.0,1679.4439962534511,2227.227738165652,2148.2853171616557,865.0157066207187,1249.9777185935363,407.63110956798135,423.1464053222682,1020.5874620036905,0.0,0.0,0,0,0,0,0,0,0,0,0,0,0,0,0,0,0,0,0,0,0,0,2,2,2,1,1,0,0,1,-1,-1,-1,-1,-1,-1,-1,-1,-1,-1,-1,-1,-1,-1,-1,-1,-1,-1,-1,-1,-1,-1,432.9088804989906
65.50012410027301,64.14465564058257,83.35298864130097,0.0,0.0,0.0,1679.4439962534511,2227.227738165652,1763.8501590844298,865.0157066207187,1249.9777185935363,407.63110956798135,423.1464053222682,735.310726432239,0.0,0.0,0,0,0,0,0,0,0,0,0,0,0,0,0,0,0,0,0,0,0,0,2,2,2,1,1,0,0,0,-1,-1,-1,-1,-1,-1,-1,-1,-1,-1,-1,-1,-1,-1,-1,-1,-1,-1,-1,-1,-1,-1,638.2551528276113
68.5529908165798,60.33078252283387,70.87704053131401,0.0,0.0,0.0,1896.9355398285493,940.7363078716186,1763.8501590844298,865.0157066207187,530.6080136093541,0.0,423.1464053222682,735.310726432239,0.0,0.0,0,0,0,0,0,0,0,0,0,0,0,0,0,0,0,0,0,0,0,0,2,1,2,1,0,-1,0,0,-1,-1,-1,-1,-1,-1,-1,-1,-1,-1,-1,-1,-1,-1,-1,-1,-1,-1,-1,-1,-1,-1,921.9755191630386
94.73814842392653,71.74771661318194,100.0,0.0,0.0,0.0,1896.9355398285493,940.7363078716186,1763.8501590844298,2824.5981606678024,530.6080136093541,520.9838572072813,423.1464053222682,735.310726432239,0.0,0.0,0,0,0,0,0,0,0,0,0,0,0,0,0,0,0,0,0,0,0,0,2,1,2,2,0,0,0,0,-1,-1,-1,-1,-1,-1,-1,-1,-1,-1,-1,-1,-1,-1,-1,-1,-1,-1,-1,-1,-1,-1,909.4154309620652
79.94539587987094,100.0,82.45918937371982,0.0,0.0,17.528396747563775,1896.9355398285493,940.7363078716186,1492.3284750611547,2824.5981606678024,530.6080136093541,520.9838572072813,917.7449436151724,563.0417833158981,0.0,0.0,0,0,0,0,0,0,0,0,0,0,0,0,0,0,0,0,0,0,0,0,2,1,1,5,0,0,1,0,-1,-1,-1,-1,-1,-1,-1,-1,-1,-1,-1,-1,-1,-1,-1,-1,-1,-1,-1,-1,-1,-1,554.6760672623167
93.2241250930752,100.0,100.0,0.0,11.318193038755862,0.0,2388.666156056188,1120.352497775195,1492.3284750611547,525.5620067601462,530.6080136093541,520.9838572072813,917.7449436151724,0.0,0.0,0.0,0,0,0,0,0,0,0,0,0,0,0,0,0,0,0,0,0,0,0,0,2,1,1,0,0,0,4,-1,-1,-1,-1,-1,-1,-1,-1,-1,-1,-1,-1,-1,-1,-1,-1,-1,-1,-1,-1,-1,-1,-1,655.1984679629059
77.3144700918342,86.47247593186867,91.09924896033765,13.030528667163068,25.15428289311281,14.822171187387498,2388.666156056188,1120.352497775195,1683.9607611416393,525.5620067601462,530.6080136093541,997.0420839671228,917.7449436151724,405.8225068527031,0.0,0.0,0,0,0,0,0,0,0,0,0,0,0,0,0,0,0,0,0,0,0,0,5,4,2,3,0,1,4,0,-1,-1,-1,-1,-1,-1,-1,-1,-1,-1,-1,-1,-1,-1,-1,-1,-1,-1,-1,-1,-1,-1,1050.1032396267606
96.52519235542319,100.0,100.0,13.030528667163068,26.12935077758578,25.274657066600458,2388.666156056188,1120.352497775195,1683.9607611416393,525.5620067601462,999.3299748455855,997.0420839671228,2227.227738165652,405.8225068527031,735.310726432239,0.0,0,0,0,0,0,0,0,0,0,0,0,0,0,0,0,0,0,0,0,0,5,4,5,3,1,4,2,0,0,-1,-1,-1,-1,-1,-1,-1,-1,-1,-1,-1,-1,-1,-1,-1,-1,-1,-1,-1,-1,-1,607.3547145106917
82.17920079424175,100.0,100.0,31.27326880119136,24.635892372253764,24.275339829929862,1603.4997317354403,1475.3019409416156,1683.9607611416393,525.5620067601462,999.3299748455855,997.0420839671228,2227.227738165652,563.0417833158981,735.310726432239,0.0,0,0,0,0,0,0,0,0,0,0,0,0,0,0,0,0,0,0,0,0,2,1,5,3,4,4,5,0,3,-1,-1,-1,-1,-1,-1,-1,-1,-1,-1,-1,-1,-1,-1,-1,-1,-1,-1,-1,-1,-1,869.1308434511433
19.50856291883842,11.73784250802271,11.011110421451182,32.216430876147925,30.535670204887683,23.772577741915462,1603.4997317354403,1475.3019409416156,951.6847859160765,1774.5705726637832,999.3299748455855,786.0689587834804,2227.227738165652,563.0417833158981,735.310726432239,0.0,0,0,0,0,0,0,0,0,0,0,0,0,0,0,0,0,0,0,0,0,5,4,1,2,4,0,5,3,3,-1,-1,-1,-1,-1,-1,-1,-1,-1,-1,-1,-1,-1,-1,-1,-1,-1,-1,-1,-1,-1,708.0189841310133
36.113179448994785,37.867193285608494,22.028427782260568,0.0,18.205381387311775,9.94972379119856,1603.4997317354403,1475.3019409416156,951.6847859160765,1774.5705726637832,1774.5705726637832,786.0689587834804,1316.2296517212078,800.8576688609924,669.3868747015152,0.0,0,0,0,0,0,0,0,0,0,0,0,0,0,0,0,0,0,0,0,0,5,4,1,2,2,0,1,1,0,-1,-1,-1,-1,-1,-1,-1,-1,-1,-1,-1,-1,-1,-1,-1,-1,-1,-1,-1,-1,-1,426.06385994188844
29.560685033507074,49.19772895581338,22.028427782260568,0.0,18.205381387311775,0.0,917.7449436151724,1475.3019409416156,951.6847859160765,1774.5705726637832,1774.5705726637832,786.0689587834804,1316.2296517212078,800.8576688609924,405.8225068527031,0.0,0,0,0,0,0,0,0,0,0,0,0,0,0,0,0,0,0,0,0,0,1,4,1,2,2,0,1,1,0,-1,-1,-1,-1,-1,-1,-1,-1,-1,-1,-1,-1,-1,-1,-1,-1,-1,-1,-1,-1,-1,825.1822962706977
28.34450235790519,56.88718834855592,40.34510582831606,0.0,0.0,0.0,917.7449436151724,2095.6805828629576,2630.6390172682836,1575.0295402728193,1774.5705726637832,737.1184338671557,1316.2296517212078,800.8576688609924,405.8225068527031,0.0,0,0,0,0,0,0,0,0,0,0,0,0,0,0,0,0,0,0,0,0,1,2,2,1,2,0,1,1,0,-1,-1,-1,-1,-1,-1,-1,-1,-1,-1,-1,-1,-1,-1,-1,-1,-1,-1,-1,-1,-1,729.2193238738307
33.10995284189625,43.86571216983461,56.154180373657745,0.0,0.0,0.0,917.7449436151724,2095.6805828629576,2630.6390172682836,1575.0295402728193,2392.1417097460635,737.1184338671557,1929.1756166240234,1061.7149333806115,597.5596412478345,0.0,0,0,0,0,0,0,0,0,0,0,0,0,0,0,0,0,0,0,0,0,1,2,2,1,2,0,2,1,0,-1,-1,-1,-1,-1,-1,-1,-1,-1,-1,-1,-1,-1,-1,-1,-1,-1,-1,-1,-1,-1,494.88088762468476
31.645569620253166,61.96000987410516,56.042455465210104,0.0,0.0,0.0,917.7449436151724,2095.6805828629576,2612.713089156647,1548.7547447991476,2392.1417097460635,1492.3284750611547,1929.1756166240234,1061.7149333806115,597.5596412478345,678.3931428960068,0,0,0,0,0,0,0,0,0,0,0,0,0,0,0,0,0,0,0,0,1,2,2,1,2,1,2,1,0,0,-1,-1,-1,-1,-1,-1,-1,-1,-1,-1,-1,-1,-1,-1,-1,-1,-1,-1,-1,-1,798.8138080787702
47.00918342020353,31.523080720809677,71.88256470734281,0.0,0.0,0.0,2708.859478712651,2095.6805828629576,2708.859478712651,618.443729143243,2138.6562085149394,1492.3284750611547,1929.1756166240234,1061.7149333806115,597.5596412478345,678.3931428960068,0,0,0,0,0,0,0,0,0,0,0,0,0,0,0,0,0,0,0,0,2,2,2,0,2,1,2,1,0,0,-1,-1,-1,-1,-1,-1,-1,-1,-1,-1,-1,-1,-1,-1,-1,-1,-1,-1,-1,-1,738.5260175708923
45.81782079920576,30.399901258948407,44.64030786419217,0.0,0.0,0.0,2708.859478712651,1774.5705726637832,2708.859478712651,618.443729143243,970.9311642340316,1492.3284750611547,549.605784188011,0.0,0.0,678.3931428960068,0,0,0,0,0,0,0,0,0,0,0,0,0,0,0,0,0,0,0,0,2,2,2,0,1,1,0,-1,-1,0,-1,-1,-1,-1,-1,-1,-1,-1,-1,-1,-1,-1,-1,-1,-1,-1,-1,-1,-1,-1,0.0
65.32638371804418,30.399901258948407,44.64030786419217,0.0,0.0,0.0,2708.859478712651,1774.5705726637832,2708.859478712651,618.443729143243,970.9311642340316,1492.3284750611547,549.605784188011,786.0689587834804,0.0,678.3931428960068,0,0,0,0,0,0,0,0,0,0,0,0,0,0,0,0,0,0,0,0,2,2,2,0,1,1,0,0,-1,0,-1,-1,-1,-1,-1,-1,-1,-1,-1,-1,-1,-1,-1,-1,-1,-1,-1,-1,-1,-1,812.725490790801
43.13725490196079,32.399407553690445,12.519396685494383,0.0,0.0,0.0,853.2299120300013,2017.9555981631004,800.8576688609924,402.67328449866875,970.9311642340316,0.0,549.605784188011,786.0689587834804,0.0,0.0,0,0,0,0,0,0,0,0,0,0,0,0,0,0,0,0,0,0,0,0,1,2,1,0,1,-1,0,0,-1,-1,-1,-1,-1,-1,-1,-1,-1,-1,-1,-1,-1,-1,-1,-1,-1,-1,-1,-1,-1,-1,851.7774972834516
57.3343261355175,48.51888422611701,48.420333933337474,0.0,0.0,0.0,853.2299120300013,2017.9555981631004,800.8576688609924,402.67328449866875,2259.7473766264893,980.9364238482178,631.0513939179824,786.0689587834804,0.0,0.0,0,0,0,0,0,0,0,0,0,0,0,0,0,0,0,0,0,0,0,0,1,2,1,0,2,1,0,0,-1,-1,-1,-1,-1,-1,-1,-1,-1,-1,-1,-1,-1,-1,-1,-1,-1,-1,-1,-1,-1,-1,555.9150684631951
72.17671878878133,48.51888422611701,35.89473030848488,0.0,0.0,0.0,853.2299120300013,597.5596412478345,800.8576688609924,402.67328449866875,2259.7473766264893,980.9364238482178,631.0513939179824,786.0689587834804,0.0,0.0,0,0,0,0,0,0,0,0,0,0,0,0,0,0,0,0,0,0,0,0,1,0,1,0,2,1,0,0,-1,-1,-1,-1,-1,-1,-1,-1,-1,-1,-1,-1,-1,-1,-1,-1,-1,-1,-1,-1,-1,-1,642.881701817141
94.0680069496153,56.29474203900272,55.40934765067346,0.0,0.0,0.0,1683.9607611416393,597.5596412478345,800.8576688609924,402.67328449866875,520.3754720407424,980.9364238482178,631.0513939179824,721.5726729237119,0.0,0.0,0,0,0,0,0,0,0,0,0,0,0,0,0,0,0,0,0,0,0,0,2,0,1,0,0,1,0,0,-1,-1,-1,-1,-1,-1,-1,-1,-1,-1,-1,-1,-1,-1,-1,-1,-1,-1,-1,-1,-1,-1,854.2640683785954
47.53040456689005,80.77018020241916,80.83917820122898,0.0,0.0,0.0,1683.9607611416393,1010.1074178279766,2086.917422091666,818.3890485974297,520.3754720407424,2010.2595573766505,965.1748065231225,970.9311642340316,477.82906770355663,0.0,0,0,0,0,0,0,0,0,0,0,0,0,0,0,0,0,0,0,0,0,2,1,2,1,0,2,1,1,0,-1,-1,-1,-1,-1,-1,-1,-1,-1,-1,-1,-1,-1,-1,-1,-1,-1,-1,-1,-1,-1,413.51034799830114
76.1975676346488,88.70649222414218,93.00477934330583,0.0,12.466057763515181,0.0,680.5745946751299,1010.1074178279766,2086.917422091666,818.3890485974297,520.3754720407424,2010.2595573766505,965.1748065231225,970.9311642340316,477.82906770355663,0.0,0,0,0,0,0,0,0,0,0,0,0,0,0,0,0,0,0,0,0,0,0,4,2,1,0,2,1,1,0,-1,-1,-1,-1,-1,-1,-1,-1,-1,-1,-1,-1,-1,-1,-1,-1,-1,-1,-1,-1,-1,449.03427939838764
86.24968974931745,76.7835102443841,88.90199242753398,0.0,12.466057763515181,12.947675501210353,680.5745946751299,1010.1074178279766,2086.917422091666,818.3890485974297,520.3754720407424,2010.2595573766505,2095.6805828629576,970.9311642340316,477.82906770355663,405.1463506213501,0,0,0,0,0,0,0,0,0,0,0,0,0,0,0,0,0,0,0,0,0,4,5,1,0,2,2,1,0,0,-1,-1,-1,-1,-1,-1,-1,-1,-1,-1,-1,-1,-1,-1,-1,-1,-1,-1,-1,-1,803.1574026382508
89.0295358649789,96.86497161194767,100.0,0.0,0.0,0.0,680.5745946751299,2046.8749041745743,3139.7929355615533,1338.6974430050514,1896.9355398285493,833.6962005705783,2095.6805828629576,678.3931428960068,0.0,405.1463506213501,0,0,0,0,0,0,0,0,0,0,0,0,0,0,0,0,0,0,0,0,0,2,2,1,2,1,2,0,-1,0,-1,-1,-1,-1,-1,-1,-1,-1,-1,-1,-1,-1,-1,-1,-1,-1,-1,-1,-1,-1,883.4024943947435
83.09754281459419,88.82991853863244,100.0,0.0,16.51444087879536,11.768357023151884,844.2204475370198,2046.8749041745743,3139.7929355615533,1338.6974430050514,1896.9355398285493,833.6962005705783,2095.6805828629576,678.3931428960068,441.28272842649113,405.1463506213501,0,0,0,0,0,0,0,0,0,0,0,0,0,0,0,0,0,0,0,0,1,2,2,4,5,1,2,0,0,0,-1,-1,-1,-1,-1,-1,-1,-1,-1,-1,-1,-1,-1,-1,-1,-1,-1,-1,-1,-1,603.8950219620489
100.0,100.0,100.0,0.0,16.51444087879536,24.47396188939234,844.2204475370198,2046.8749041745743,1719.417756124193,1338.6974430050514,1896.9355398285493,1338.697343266122,464.8590468950376,678.3931428960068,441.28272842649113,0.0,0,0,0,0,0,0,0,0,0,0,0,0,0,0,0,0,0,0,0,0,1,5,2,4,5,1,0,0,0,-1,-1,-1,-1,-1,-1,-1,-1,-1,-1,-1,-1,-1,-1,-1,-1,-1,-1,-1,-1,-1,742.797829054777
88.45867460908414,100.0,100.0,0.0,16.51444087879536,10.669728756750047,1874.6166507122373,2046.8749041745743,1719.417756124193,1057.0143914888952,1529.225866320342,1338.697343266122,464.8590468950376,542.0446565588619,0.0,0.0,0,0,0,0,0,0,0,0,0,0,0,0,0,0,0,0,0,0,0,0,2,2,5,1,1,4,0,0,-1,-1,-1,-1,-1,-1,-1,-1,-1,-1,-1,-1,-1,-1,-1,-1,-1,-1,-1,-1,-1,-1,543.4353507453286
26.234797716554976,18.87188348555912,12.699397926882256,11.51650533631174,29.560602320414713,11.63180435727143,1874.6166507122373,2046.8749041745743,515.6734436189967,1057.0143914888952,1529.225866320342,1338.697343266122,464.8590468950376,542.0446565588619,0.0,0.0,0,0,0,0,0,0,0,0,0,0,0,0,0,0,0,0,0,0,0,0,5,2,0,4,1,4,3,0,-1,-1,-1,-1,-1,-1,-1,-1,-1,-1,-1,-1,-1,-1,-1,-1,-1,-1,-1,-1,-1,-1,669.6328056789953
45.7433606353934,13.132559861762527,38.51405871764633,0.0,13.046161441619352,0.0,2148.2853171616557,2046.8749041745743,515.6734436189967,1057.0143914888952,2010.2595573766505,1064.628201689945,786.0689587834804,542.0446565588619,0.0,0.0,0,0,0,0,0,0,0,0,0,0,0,0,0,0,0,0,0,0,0,0,2,2,0,4,2,1,0,0,-1,-1,-1,-1,-1,-1,-1,-1,-1,-1,-1,-1,-1,-1,-1,-1,-1,-1,-1,-1,-1,-1,457.6971988861444
32.688011913626205,43.532461120710934,25.181552976227422,0.0,13.046161441619352,0.0,887.8565896286426,2046.8749041745743,1575.0295402728193,1057.0143914888952,2010.2595573766505,1064.628201689945,786.0689587834804,531.5634697569955,0.0,0.0,0,0,0,0,0,0,0,0,0,0,0,0,0,0,0,0,0,0,0,0,1,2,1,4,2,1,0,0,-1,-1,-1,-1,-1,-1,-1,-1,-1,-1,-1,-1,-1,-1,-1,-1,-1,-1,-1,-1,-1,-1,912.297571730098
43.63365599404319,43.532461120710934,13.332505741418906,0.0,0.0,0.0,887.8565896286426,2148.2853171616557,1575.0295402728193,441.28272842649113,0.0,1064.628201689945,786.0689587834804,531.5634697569955,0.0,0.0,0,0,0,0,0,0,0,0,0,0,0,0,0,0,0,0,0,0,0,0,1,2,1,0,-1,1,0,0,-1,-1,-1,-1,-1,-1,-1,-1,-1,-1,-1,-1,-1,-1,-1,-1,-1,-1,-1,-1,-1,-1,588.1975461762695
41.37503102506825,46.51937793137497,16.615976661908014,0.0,0.0,0.0,887.8565896286426,2677.98914988151,1575.0295402728193,441.28272842649113,1306.4844515396771,694.3373387380856,0.0,531.5634697569955,0.0,0.0,0,0,0,0,0,0,0,0,0,0,0,0,0,0,0,0,0,0,0,0,1,2,1,0,1,0,-1,0,-1,-1,-1,-1,-1,-1,-1,-1,-1,-1,-1,-1,-1,-1,-1,-1,-1,-1,-1,-1,-1,-1,726.5187600869441
38.54554480019856,37.90422117995556,26.67742536155422,0.0,0.0,0.0,887.8565896286426,2677.98914988151,1620.380595458781,441.28272842649113,1306.4844515396771,694.3373387380856,877.3386810122662,418.07863612812815,0.0,0.0,0,0,0,0,0,0,0,0,0,0,0,0,0,0,0,0,0,0,0,0,1,2,2,0,1,0,1,0,-1,-1,-1,-1,-1,-1,-1,-1,-1,-1,-1,-1,-1,-1,-1,-1,-1,-1,-1,-1,-1,-1,904.8805400156796
44.00595681310499,41.71809429770427,39.28371919806343,0.0,0.0,0.0,2031.6206895189841,2677.98914988151,1620.380595458781,1196.600635528421,1306.4844515396771,694.3373387380856,877.3386810122662,418.07863612812815,661.0283556905348,0.0,0,0,0,0,0,0,0,0,0,0,0,0,0,0,0,0,0,0,0,0,2,2,2,1,1,0,1,0,0,-1,-1,-1,-1,-1,-1,-1,-1,-1,-1,-1,-1,-1,-1,-1,-1,-1,-1,-1,-1,-1,817.4487760508138
37.602382725241995,36.42310540607257,32.61746632735398,0.0,0.0,0.0,2031.6206895189841,1603.4997317354403,1620.380595458781,1196.600635528421,877.3386810122662,436.7846371289756,877.3386810122662,418.07863612812815,661.0283556905348,0.0,0,0,0,0,0,0,0,0,0,0,0,0,0,0,0,0,0,0,0,0,2,2,2,1,1,0,1,0,0,-1,-1,-1,-1,-1,-1,-1,-1,-1,-1,-1,-1,-1,-1,-1,-1,-1,-1,-1,-1,-1,565.4109676899063
34.6487962273517,38.91631695877561,44.59065234932655,0.0,0.0,0.0,2031.6206895189841,1603.4997317354403,1620.380595458781,1196.600635528421,877.3386810122662,436.7846371289756,1929.1756166240234,418.07863612812815,1079.9587704257024,542.0446565588619,0,0,0,0,0,0,0,0,0,0,0,0,0,0,0,0,0,0,0,0,2,2,2,1,1,0,2,0,1,0,-1,-1,-1,-1,-1,-1,-1,-1,-1,-1,-1,-1,-1,-1,-1,-1,-1,-1,-1,-1,984.586724017551
34.6487962273517,36.71932856084917,38.73750853454162,0.0,0.0,0.0,2708.859478712651,1603.4997317354403,1018.6346581936017,418.07863612812815,877.3386810122662,436.7846371289756,1929.1756166240234,0.0,1079.9587704257024,542.0446565588619,0,0,0,0,0,0,0,0,0,0,0,0,0,0,0,0,0,0,0,0,2,2,1,0,1,0,2,-1,1,0,-1,-1,-1,-1,-1,-1,-1,-1,-1,-1,-1,-1,-1,-1,-1,-1,-1,-1,-1,-1,601.0190637111599
32.04269049391908,83.12762280918292,57.13487679225374,0.0,0.0,0.0,2708.859478712651,1603.4997317354403,1018.6346581936017,418.07863612812815,877.3386810122662,1058.378048838097,965.1748065231225,402.67328449866875,1079.9587704257024,0.0,0,0,0,0,0,0,0,0,0,0,0,0,0,0,0,0,0,0,0,0,2,2,1,0,1,1,1,0,1,-1,-1,-1,-1,-1,-1,-1,-1,-1,-1,-1,-1,-1,-1,-1,-1,-1,-1,-1,-1,-1,725.2143249141732
41.052370315214695,89.39767958528758,41.66718391161318,0.0,0.0,0.0,1385.37864271004,1819.471380528662,1018.6346581936017,780.8292475301611,0.0,1058.378048838097,965.1748065231225,402.67328449866875,1079.9587704257024,0.0,0,0,0,0,0,0,0,0,0,0,0,0,0,0,0,0,0,0,0,0,1,2,1,0,-1,1,1,0,1,-1,-1,-1,-1,-1,-1,-1,-1,-1,-1,-1,-1,-1,-1,-1,-1,-1,-1,-1,-1,-1,746.6500435646014
73.93894266567386,83.10293754628488,85.6743839612687,0.0,0.0,0.0,1385.37864271004,1819.471380528662,1018.6346581936017,780.8292475301611,1679.4439962534511,1058.378048838097,1874.6166507122373,402.67328449866875,594.1340891818422,0.0,0,0,0,0,0,0,0,0,0,0,0,0,0,0,0,0,0,0,0,0,1,2,1,0,2,1,2,0,0,-1,-1,-1,-1,-1,-1,-1,-1,-1,-1,-1,-1,-1,-1,-1,-1,-1,-1,-1,-1,-1,768.6933195969717
84.04070488955075,57.46729202666009,96.85928868474954,0.0,0.0,0.0,1385.37864271004,1950.0373944028277,2001.543193618997,780.8292475301611,1679.4439962534511,407.63110956798135,1874.6166507122373,402.67328449866875,594.1340891818422,0.0,0,0,0,0,0,0,0,0,0,0,0,0,0,0,0,0,0,0,0,0,1,2,2,0,2,0,2,0,0,-1,-1,-1,-1,-1,-1,-1,-1,-1,-1,-1,-1,-1,-1,-1,-1,-1,-1,-1,-1,-1,855.3031213965708
100.0,71.90817082201926,100.0,0.0,0.0,10.421451182421947,2876.6479329769218,1950.0373944028277,2001.543193618997,780.8292475301611,1679.4439962534511,407.63110956798135,1874.6166507122373,1134.0075608188852,594.1340891818422,713.9033093872425,0,0,0,0,0,0,0,0,0,0,0,0,0,0,0,0,0,0,0,0,2,2,2,0,5,0,2,1,0,0,-1,-1,-1,-1,-1,-1,-1,-1,-1,-1,-1,-1,-1,-1,-1,-1,-1,-1,-1,-1,733.6201588759989
82.27848101265823,95.60602320414714,75.72466017007014,0.0,0.0,17.851157594190305,2876.6479329769218,1950.0373944028277,1035.9607076495156,916.4678195190937,477.82906770355663,407.63110956798135,0.0,1134.0075608188852,0.0,713.9033093872425,0,0,0,0,0,0,0,0,0,0,0,0,0,0,0,0,0,0,0,0,5,2,1,1,0,0,-1,1,-1,0,-1,-1,-1,-1,-1,-1,-1,-1,-1,-1,-1,-1,-1,-1,-1,-1,-1,-1,-1,-1,568.5517716253468
100.0,100.0,99.9627583638508,0.0,11.305850407306837,0.0,1009.7454258191793,2259.7473766264893,1035.9607076495156,916.4678195190937,477.82906770355663,520.9838572072813,0.0,0.0,0.0,713.9033093872425,0,0,0,0,0,0,0,0,0,0,0,0,0,0,0,0,0,0,0,0,1,2,1,4,0,0,-1,-1,-1,0,-1,-1,-1,-1,-1,-1,-1,-1,-1,-1,-1,-1,-1,-1,-1,-1,-1,-1,-1,-1,587.2406253374864
83.42020352444776,94.34707479634659,100.0,12.906428394142466,12.453715132066156,14.021476010179382,1009.7454258191793,2259.7473766264893,2178.0351468661884,2010.2595573766505,477.82906770355663,520.9838572072813,951.6847859160765,471.00836329859106,0.0,0.0,0,0,0,0,0,0,0,0,0,0,0,0,0,0,0,0,0,0,0,0,4,5,2,2,0,3,1,0,-1,-1,-1,-1,-1,-1,-1,-1,-1,-1,-1,-1,-1,-1,-1,-1,-1,-1,-1,-1,-1,-1,716.1988390016146
95.78059071729957,100.0,100.0,12.906428394142466,24.203900271537893,12.475948109986966,1009.7454258191793,994.406424268722,2178.0351468661884,2010.2595573766505,521.7258411200543,520.9838572072813,951.6847859160765,471.00836329859106,0.0,0.0,0,0,0,0,0,0,0,0,0,0,0,0,0,0,0,0,0,0,0,0,4,1,2,5,0,3,4,0,-1,-1,-1,-1,-1,-1,-1,-1,-1,-1,-1,-1,-1,-1,-1,-1,-1,-1,-1,-1,-1,-1,720.5915392859683
85.5795482750062,100.0,100.0,12.931248448746588,36.47247593186867,25.994662032151943,1009.7454258191793,994.406424268722,2178.0351468661884,2010.2595573766505,521.7258411200543,1022.0287790173022,951.6847859160765,940.7363078716186,556.4401191941384,0.0,0,0,0,0,0,0,0,0,0,0,0,0,0,0,0,0,0,0,0,0,4,4,5,5,3,1,4,1,0,-1,-1,-1,-1,-1,-1,-1,-1,-1,-1,-1,-1,-1,-1,-1,-1,-1,-1,-1,-1,-1,708.2681674353967
12.707867957309507,22.537645025919524,15.697349636894048,13.799950359890792,36.3367069859294,0.0,1009.7454258191793,994.406424268722,804.6364234793698,2529.022779409242,512.4109283821189,1022.0287790173022,0.0,940.7363078716186,556.4401191941384,0.0,0,0,0,0,0,0,0,0,0,0,0,0,0,0,0,0,0,0,0,0,4,4,1,2,0,1,-1,4,3,-1,-1,-1,-1,-1,-1,-1,-1,-1,-1,-1,-1,-1,-1,-1,-1,-1,-1,-1,-1,-1,1091.028793643271
