15.016133035492679,0.0,0.0,0.0,0.0,0.0,605.2074355786712,0.0,0.0,0.0,0.0,0.0,0.0,0.0,0.0,0.0,0,0,0,0,0,0,0,0,0,0,0,0,0,0,0,0,0,0,0,0,0,-1,-1,-1,-1,-1,-1,-1,-1,-1,-1,-1,-1,-1,-1,-1,-1,-1,-1,-1,-1,-1,-1,-1,-1,-1,-1,-1,-1,-1,0.0
25.589476296847852,0.0,0.0,0.0,0.0,0.0,605.2074355786712,426.67913363334486,0.0,0.0,0.0,0.0,0.0,0.0,0.0,0.0,0,0,0,0,0,0,0,0,0,0,0,0,0,0,0,0,0,0,0,0,0,0,-1,-1,-1,-1,-1,-1,-1,-1,-1,-1,-1,-1,-1,-1,-1,-1,-1,-1,-1,-1,-1,-1,-1,-1,-1,-1,-1,-1,597.5360002847772
24.894514767932492,15.41594667983214,0.0,0.0,0.0,0.0,1249.9777185935363,426.67913363334486,576.7059427619771,0.0,0.0,0.0,0.0,0.0,0.0,0.0,0,0,0,0,0,0,0,0,0,0,0,0,0,0,0,0,0,0,0,0,1,0,0,-1,-1,-1,-1,-1,-1,-1,-1,-1,-1,-1,-1,-1,-1,-1,-1,-1,-1,-1,-1,-1,-1,-1,-1,-1,-1,-1,0.0
40.90344998758997,15.41594667983214,0.0,0.0,0.0,0.0,1249.9777185935363,426.67913363334486,576.7059427619771,645.2798230237914,0.0,0.0,0.0,0.0,0.0,0.0,0,0,0,0,0,0,0,0,0,0,0,0,0,0,0,0,0,0,0,0,1,0,0,0,-1,-1,-1,-1,-1,-1,-1,-1,-1,-1,-1,-1,-1,-1,-1,-1,-1,-1,-1,-1,-1,-1,-1,-1,-1,-1,733.9323688296729
46.28940183668404,12.466057763515181,13.332505741418906,0.0,0.0,0.0,2148.2853171616557,1010.1074178279766,576.7059427619771,645.2798230237914,643.187101675752,0.0,0.0,0.0,0.0,0.0,0,0,0,0,0,0,0,0,0,0,0,0,0,0,0,0,0,0,0,0,2,1,0,0,0,-1,-1,-1,-1,-1,-1,-1,-1,-1,-1,-1,-1,-1,-1,-1,-1,-1,-1,-1,-1,-1,-1,-1,-1,-1,330.56563365294727
47.62968478530652,31.2885707232782,0.0,0.0,0.0,0.0,1525.7075630243467,1010.1074178279766,631.0513939179824,645.2798230237914,643.187101675752,0.0,0.0,0.0,0.0,0.0,0,0,0,0,0,0,0,0,0,0,0,0,0,0,0,0,0,0,0,0,1,1,0,0,0,-1,-1,-1,-1,-1,-1,-1,-1,-1,-1,-1,-1,-1,-1,-1,-1,-1,-1,-1,-1,-1,-1,-1,-1,-1,708.6764917991187
44.77537850583271,47.81535423352259,0.0,0.0,0.0,0.0,1525.7075630243467,1010.1074178279766,631.0513939179824,1338.6974430050514,643.187101675752,530.6080136093541,0.0,0.0,0.0,0.0,0,0,0,0,0,0,0,0,0,0,0,0,0,0,0,0,0,0,0,0,1,1,0,1,0,0,-1,-1,-1,-1,-1,-1,-1,-1,-1,-1,-1,-1,-1,-1,-1,-1,-1,-1,-1,-1,-1,-1,-1,-1,766.5133975645476
45.22213948870687,47.81535423352259,11.973186021972564,0.0,0.0,0.0,1525.7075630243467,1929.1756166240234,631.0513939179824,1338.6974430050514,1009.7454258191793,530.6080136093541,661.0283556905348,0.0,0.0,0.0,0,0,0,0,0,0,0,0,0,0,0,0,0,0,0,0,0,0,0,0,1,2,0,1,1,0,0,-1,-1,-1,-1,-1,-1,-1,-1,-1,-1,-1,-1,-1,-1,-1,-1,-1,-1,-1,-1,-1,-1,-1,0.0
60.23827252419955,47.81535423352259,11.973186021972564,0.0,0.0,0.0,1525.7075630243467,1929.1756166240234,631.0513939179824,1338.6974430050514,1009.7454258191793,530.6080136093541,661.0283556905348,605.2074355786712,0.0,0.0,0,0,0,0,0,0,0,0,0,0,0,0,0,0,0,0,0,0,0,0,1,2,0,1,1,0,0,0,-1,-1,-1,-1,-1,-1,-1,-1,-1,-1,-1,-1,-1,-1,-1,-1,-1,-1,-1,-1,-1,-1,946.8749975259683
42.76495408289898,46.75388792890644,41.1954565203898,0.0,0.0,0.0,2647.7836930219532,1929.1756166240234,1249.5711266940536,2060.4280407364645,1009.7454258191793,1529.225866320342,661.0283556905348,605.2074355786712,457.73155329463674,0.0,0,0,0,0,0,0,0,0,0,0,0,0,0,0,0,0,0,0,0,0,2,2,1,2,1,1,0,0,0,-1,-1,-1,-1,-1,-1,-1,-1,-1,-1,-1,-1,-1,-1,-1,-1,-1,-1,-1,-1,-1,735.530455660902
38.94266567386448,45.519624784003945,40.23338091986841,0.0,0.0,0.0,2647.7836930219532,1774.5705726637832,1249.5711266940536,2060.4280407364645,909.7357655056462,1529.225866320342,506.11681433750834,605.2074355786712,457.73155329463674,0.0,0,0,0,0,0,0,0,0,0,0,0,0,0,0,0,0,0,0,0,0,2,2,1,2,1,1,0,0,0,-1,-1,-1,-1,-1,-1,-1,-1,-1,-1,-1,-1,-1,-1,-1,-1,-1,-1,-1,-1,-1,791.9401535470553
36.46066021345247,56.196000987410514,40.23338091986841,0.0,0.0,0.0,2647.7836930219532,1774.5705726637832,1249.5711266940536,2060.4280407364645,909.7357655056462,1529.225866320342,506.11681433750834,865.0157066207187,457.73155329463674,506.11681433750834,0,0,0,0,0,0,0,0,0,0,0,0,0,0,0,0,0,0,0,0,2,2,1,2,1,1,0,1,0,0,-1,-1,-1,-1,-1,-1,-1,-1,-1,-1,-1,-1,-1,-1,-1,-1,-1,-1,-1,-1,668.3148969655957
26.85529908165798,30.708467045174032,63.44112718018745,0.0,0.0,0.0,2677.98914988151,1774.5705726637832,2611.460627965786,3157.4334564205146,818.3890485974297,805.5278583660453,576.7059427619771,865.0157066207187,0.0,506.11681433750834,0,0,0,0,0,0,0,0,0,0,0,0,0,0,0,0,0,0,0,0,2,2,2,2,1,1,0,1,-1,0,-1,-1,-1,-1,-1,-1,-1,-1,-1,-1,-1,-1,-1,-1,-1,-1,-1,-1,-1,-1,852.6614759444202
41.17647058823529,30.708467045174032,52.423809819378064,0.0,0.0,0.0,2677.98914988151,576.7059427619771,2611.460627965786,3157.4334564205146,818.3890485974297,805.5278583660453,576.7059427619771,865.0157066207187,0.0,506.11681433750834,0,0,0,0,0,0,0,0,0,0,0,0,0,0,0,0,0,0,0,0,2,0,2,2,1,1,0,1,-1,0,-1,-1,-1,-1,-1,-1,-1,-1,-1,-1,-1,-1,-1,-1,-1,-1,-1,-1,-1,-1,679.3271774204246
44.50235790518739,31.51073808936065,46.856185215070454,0.0,0.0,0.0,2677.98914988151,576.7059427619771,2611.460627965786,2259.7473766264893,818.3890485974297,805.5278583660453,576.7059427619771,929.2462688167204,640.1184615181913,0.0,0,0,0,0,0,0,0,0,0,0,0,0,0,0,0,0,0,0,0,0,2,0,2,2,1,1,0,1,0,-1,-1,-1,-1,-1,-1,-1,-1,-1,-1,-1,-1,-1,-1,-1,-1,-1,-1,-1,-1,-1,749.0712936793147
44.05559692231323,24.080473957047644,52.54174166718391,0.0,0.0,0.0,1819.471380528662,576.7059427619771,2611.460627965786,2259.7473766264893,1774.5705726637832,1022.0287790173022,558.8373252717306,929.2462688167204,640.1184615181913,0.0,0,0,0,0,0,0,0,0,0,0,0,0,0,0,0,0,0,0,0,0,2,0,2,2,2,1,0,1,0,-1,-1,-1,-1,-1,-1,-1,-1,-1,-1,-1,-1,-1,-1,-1,-1,-1,-1,-1,-1,-1,770.6126589706604
42.7897741375031,40.1999506294742,22.30774005337968,0.0,0.0,0.0,1819.471380528662,1306.4844515396771,525.5620067601462,0.0,1774.5705726637832,1022.0287790173022,558.8373252717306,929.2462688167204,640.1184615181913,0.0,0,0,0,0,0,0,0,0,0,0,0,0,0,0,0,0,0,0,0,0,2,1,0,-1,2,1,0,1,0,-1,-1,-1,-1,-1,-1,-1,-1,-1,-1,-1,-1,-1,-1,-1,-1,-1,-1,-1,-1,-1,493.75046543172425
28.617522958550506,64.1076277462355,11.011110421451182,0.0,0.0,0.0,1134.6052171820327,1306.4844515396771,525.5620067601462,802.4783016818473,1774.5705726637832,1022.0287790173022,628.2654252023498,929.2462688167204,0.0,0.0,0,0,0,0,0,0,0,0,0,0,0,0,0,0,0,0,0,0,0,0,1,1,0,1,2,1,0,1,-1,-1,-1,-1,-1,-1,-1,-1,-1,-1,-1,-1,-1,-1,-1,-1,-1,-1,-1,-1,-1,-1,871.8104234424359
27.227599900719778,62.40434460627006,17.528396747563775,0.0,0.0,0.0,1134.6052171820327,1040.111986655053,1057.0143914888952,802.4783016818473,2824.5981606678024,1022.0287790173022,628.2654252023498,468.9441103870208,0.0,0.0,0,0,0,0,0,0,0,0,0,0,0,0,0,0,0,0,0,0,0,0,1,1,1,1,2,1,0,0,-1,-1,-1,-1,-1,-1,-1,-1,-1,-1,-1,-1,-1,-1,-1,-1,-1,-1,-1,-1,-1,-1,920.0311871913376
40.655249441548776,36.953838558380646,45.360312829743656,0.0,0.0,0.0,1134.6052171820327,2533.8807882880765,1057.0143914888952,802.4783016818473,2824.5981606678024,1950.0373944028277,628.2654252023498,468.9441103870208,540.9200696050256,0.0,0,0,0,0,0,0,0,0,0,0,0,0,0,0,0,0,0,0,0,0,1,2,1,1,2,2,0,0,0,-1,-1,-1,-1,-1,-1,-1,-1,-1,-1,-1,-1,-1,-1,-1,-1,-1,-1,-1,-1,-1,718.9096102468061
38.91784561926036,34.85559121204641,39.600273105331766,0.0,0.0,0.0,1896.9355398285493,2533.8807882880765,1057.0143914888952,802.4783016818473,965.1748065231225,1950.0373944028277,558.8373252717306,468.9441103870208,540.9200696050256,0.0,0,0,0,0,0,0,0,0,0,0,0,0,0,0,0,0,0,0,0,0,2,2,1,1,1,2,0,0,0,-1,-1,-1,-1,-1,-1,-1,-1,-1,-1,-1,-1,-1,-1,-1,-1,-1,-1,-1,-1,-1,836.163534952436
56.167783569123856,11.91063934830906,51.840357519707034,0.0,0.0,0.0,1896.9355398285493,2514.5409276262694,1991.395519314369,694.3373387380856,965.1748065231225,1950.0373944028277,558.8373252717306,468.9441103870208,540.9200696050256,0.0,0,0,0,0,0,0,0,0,0,0,0,0,0,0,0,0,0,0,0,0,2,2,2,0,1,2,0,0,0,-1,-1,-1,-1,-1,-1,-1,-1,-1,-1,-1,-1,-1,-1,-1,-1,-1,-1,-1,-1,-1,669.6565230181938
32.39017125837677,35.719575413478154,56.551424492582704,0.0,0.0,0.0,1896.9355398285493,2514.5409276262694,1991.395519314369,694.3373387380856,2708.859478712651,1142.2577824644004,951.6847859160765,800.8576688609924,611.3363067526898,0.0,0,0,0,0,0,0,0,0,0,0,0,0,0,0,0,0,0,0,0,0,2,2,2,0,2,1,1,1,0,-1,-1,-1,-1,-1,-1,-1,-1,-1,-1,-1,-1,-1,-1,-1,-1,-1,-1,-1,-1,-1,711.9269476380325
51.89873417721519,35.719575413478154,32.4188442678915,0.0,0.0,0.0,785.6232190106965,2514.5409276262694,0.0,694.3373387380856,2708.859478712651,1142.2577824644004,951.6847859160765,800.8576688609924,611.3363067526898,0.0,0,0,0,0,0,0,0,0,0,0,0,0,0,0,0,0,0,0,0,0,0,2,-1,0,2,1,1,1,0,-1,-1,-1,-1,-1,-1,-1,-1,-1,-1,-1,-1,-1,-1,-1,-1,-1,-1,-1,-1,-1,643.2197295353019
35.04591710101762,64.62601826709454,16.80839178201229,0.0,0.0,0.0,785.6232190106965,849.1835975767124,1492.3284750611547,626.9991473920641,2708.859478712651,1142.2577824644004,951.6847859160765,800.8576688609924,0.0,0.0,0,0,0,0,0,0,0,0,0,0,0,0,0,0,0,0,0,0,0,0,0,1,1,0,2,1,1,1,-1,-1,-1,-1,-1,-1,-1,-1,-1,-1,-1,-1,-1,-1,-1,-1,-1,-1,-1,-1,-1,-1,787.2619554412754
46.363862000496404,28.894100222167367,34.95748246539631,0.0,0.0,0.0,785.6232190106965,849.1835975767124,1492.3284750611547,626.9991473920641,2232.9787954473054,1625.2324383417672,1774.5705726637832,456.3559124290045,0.0,0.0,0,0,0,0,0,0,0,0,0,0,0,0,0,0,0,0,0,0,0,0,0,1,1,0,2,2,2,0,-1,-1,-1,-1,-1,-1,-1,-1,-1,-1,-1,-1,-1,-1,-1,-1,-1,-1,-1,-1,-1,-1,671.8639378994174
31.12434847356664,54.616144161935324,34.95748246539631,0.0,0.0,0.0,1009.7454258191793,849.1835975767124,1492.3284750611547,1074.4643478955613,2232.9787954473054,1625.2324383417672,1774.5705726637832,456.3559124290045,798.1155822728865,0.0,0,0,0,0,0,0,0,0,0,0,0,0,0,0,0,0,0,0,0,0,1,1,1,1,2,2,2,0,0,-1,-1,-1,-1,-1,-1,-1,-1,-1,-1,-1,-1,-1,-1,-1,-1,-1,-1,-1,-1,-1,671.9212267557089
31.322908910399605,37.3241175018514,47.092048910682145,0.0,0.0,0.0,1009.7454258191793,2010.2595573766505,1719.417756124193,1074.4643478955613,2232.9787954473054,1625.2324383417672,940.7363078716186,464.8590468950376,798.1155822728865,0.0,0,0,0,0,0,0,0,0,0,0,0,0,0,0,0,0,0,0,0,0,1,2,2,1,2,2,1,0,0,-1,-1,-1,-1,-1,-1,-1,-1,-1,-1,-1,-1,-1,-1,-1,-1,-1,-1,-1,-1,-1,656.7330894342019
41.74733184413006,37.3241175018514,23.145676866737013,0.0,0.0,0.0,1009.7454258191793,2010.2595573766505,1719.417756124193,1074.4643478955613,419.4461622241998,0.0,940.7363078716186,464.8590468950376,798.1155822728865,0.0,0,0,0,0,0,0,0,0,0,0,0,0,0,0,0,0,0,0,0,0,1,2,2,1,0,-1,1,0,0,-1,-1,-1,-1,-1,-1,-1,-1,-1,-1,-1,-1,-1,-1,-1,-1,-1,-1,-1,-1,-1,761.7277599073002
37.50310250682551,23.710195013576897,42.77822605673143,0.0,0.0,0.0,3139.7929355615533,2010.2595573766505,1742.8036313704536,980.9364238482178,419.4461622241998,627.3318112903021,940.7363078716186,464.8590468950376,0.0,0.0,0,0,0,0,0,0,0,0,0,0,0,0,0,0,0,0,0,0,0,0,2,2,2,1,0,0,1,0,-1,-1,-1,-1,-1,-1,-1,-1,-1,-1,-1,-1,-1,-1,-1,-1,-1,-1,-1,-1,-1,-1,521.2062996922124
48.895507570116656,12.095778820044433,33.31264353547266,0.0,0.0,0.0,3139.7929355615533,2227.227738165652,458.74181397463275,980.9364238482178,419.4461622241998,627.3318112903021,0.0,464.8590468950376,0.0,0.0,0,0,0,0,0,0,0,0,0,0,0,0,0,0,0,0,0,0,0,0,2,2,0,1,0,0,-1,0,-1,-1,-1,-1,-1,-1,-1,-1,-1,-1,-1,-1,-1,-1,-1,-1,-1,-1,-1,-1,-1,-1,819.4333715604843
37.05634152395135,41.853863243643545,13.822853950716901,0.0,0.0,0.0,1492.3284750611547,2227.227738165652,458.74181397463275,980.9364238482178,917.7449436151724,627.3318112903021,407.63110956798135,0.0,0.0,0.0,0,0,0,0,0,0,0,0,0,0,0,0,0,0,0,0,0,0,0,0,1,2,0,1,1,0,0,-1,-1,-1,-1,-1,-1,-1,-1,-1,-1,-1,-1,-1,-1,-1,-1,-1,-1,-1,-1,-1,-1,-1,548.335634132343
22.884090344998757,56.677363613922495,11.768357023151884,0.0,0.0,0.0,1492.3284750611547,1265.1289132729594,1896.9355398285493,917.7449436151724,917.7449436151724,514.5578929491571,407.63110956798135,0.0,0.0,0.0,0,0,0,0,0,0,0,0,0,0,0,0,0,0,0,0,0,0,0,0,1,1,2,1,1,0,0,-1,-1,-1,-1,-1,-1,-1,-1,-1,-1,-1,-1,-1,-1,-1,-1,-1,-1,-1,-1,-1,-1,-1,534.5589334396619
37.90022338049144,45.35917057516662,22.717398051021043,0.0,0.0,0.0,1492.3284750611547,1265.1289132729594,1896.9355398285493,917.7449436151724,1763.8501590844298,514.5578929491571,407.63110956798135,605.2074355786712,0.0,0.0,0,0,0,0,0,0,0,0,0,0,0,0,0,0,0,0,0,0,0,0,1,1,2,1,2,0,0,0,-1,-1,-1,-1,-1,-1,-1,-1,-1,-1,-1,-1,-1,-1,-1,-1,-1,-1,-1,-1,-1,-1,717.0702029562513
44.03077686770911,37.95359170575166,33.73471541183042,0.0,0.0,0.0,1774.5705726637832,1265.1289132729594,1896.9355398285493,917.7449436151724,1763.8501590844298,514.5578929491571,892.6565923133869,605.2074355786712,654.5562370995872,0.0,0,0,0,0,0,0,0,0,0,0,0,0,0,0,0,0,0,0,0,0,2,1,2,1,2,0,1,0,0,-1,-1,-1,-1,-1,-1,-1,-1,-1,-1,-1,-1,-1,-1,-1,-1,-1,-1,-1,-1,-1,770.036647139956
47.50558451228593,36.84275487533942,34.96989634411272,0.0,0.0,0.0,1774.5705726637832,1265.1289132729594,2095.6805828629576,827.2664595345126,1763.8501590844298,654.5562370995872,892.6565923133869,605.2074355786712,654.5562370995872,0.0,0,0,0,0,0,0,0,0,0,0,0,0,0,0,0,0,0,0,0,0,2,1,2,1,2,0,1,0,0,-1,-1,-1,-1,-1,-1,-1,-1,-1,-1,-1,-1,-1,-1,-1,-1,-1,-1,-1,-1,-1,798.7911881439367
47.13328369322413,23.339916070106145,59.12109738687853,0.0,0.0,0.0,1774.5705726637832,2148.2853171616557,2095.6805828629576,827.2664595345126,1763.8501590844298,654.5562370995872,1742.8036313704536,1064.628201689945,654.5562370995872,590.8682637939636,0,0,0,0,0,0,0,0,0,0,0,0,0,0,0,0,0,0,0,0,2,2,2,1,2,0,2,1,0,0,-1,-1,-1,-1,-1,-1,-1,-1,-1,-1,-1,-1,-1,-1,-1,-1,-1,-1,-1,-1,506.49658291799545
42.83941424671134,28.511478647247596,30.32710570417727,0.0,0.0,0.0,2791.147141457057,1245.7441032810002,2095.6805828629576,480.8401148524464,0.0,654.5562370995872,0.0,1064.628201689945,0.0,590.8682637939636,0,0,0,0,0,0,0,0,0,0,0,0,0,0,0,0,0,0,0,0,2,1,2,0,-1,0,-1,1,-1,0,-1,-1,-1,-1,-1,-1,-1,-1,-1,-1,-1,-1,-1,-1,-1,-1,-1,-1,-1,-1,656.5982616327436
46.09084139985108,39.47173537398173,30.32710570417727,0.0,0.0,0.0,2791.147141457057,1245.7441032810002,2095.6805828629576,480.8401148524464,887.8565896286426,785.6232190106965,0.0,1064.628201689945,0.0,590.8682637939636,0,0,0,0,0,0,0,0,0,0,0,0,0,0,0,0,0,0,0,0,2,1,2,0,1,0,-1,1,-1,0,-1,-1,-1,-1,-1,-1,-1,-1,-1,-1,-1,-1,-1,-1,-1,-1,-1,-1,-1,-1,705.1664470242599
48.69694713328369,24.018760799802518,24.076717770467383,0.0,0.0,0.0,1929.1756166240234,1950.0373944028277,1058.378048838097,480.8401148524464,887.8565896286426,785.6232190106965,696.3141790534435,0.0,0.0,0.0,0,0,0,0,0,0,0,0,0,0,0,0,0,0,0,0,0,0,0,0,2,2,1,0,1,0,0,-1,-1,-1,-1,-1,-1,-1,-1,-1,-1,-1,-1,-1,-1,-1,-1,-1,-1,-1,-1,-1,-1,-1,644.6739773516251
30.305286671630675,47.42039002715379,24.076717770467383,0.0,0.0,0.0,1929.1756166240234,1950.0373944028277,1058.378048838097,1018.6346581936017,887.8565896286426,877.3386810122662,696.3141790534435,525.5620067601462,0.0,0.0,0,0,0,0,0,0,0,0,0,0,0,0,0,0,0,0,0,0,0,0,2,2,1,1,1,1,0,0,-1,-1,-1,-1,-1,-1,-1,-1,-1,-1,-1,-1,-1,-1,-1,-1,-1,-1,-1,-1,-1,-1,555.0020547035579
30.106726234797716,38.81757590718341,40.64303891750978,0.0,0.0,0.0,1929.1756166240234,2392.1417097460635,2227.227738165652,1018.6346581936017,1249.5711266940536,877.3386810122662,687.5381061057674,525.5620067601462,0.0,0.0,0,0,0,0,0,0,0,0,0,0,0,0,0,0,0,0,0,0,0,0,2,2,2,1,1,1,0,0,-1,-1,-1,-1,-1,-1,-1,-1,-1,-1,-1,-1,-1,-1,-1,-1,-1,-1,-1,-1,-1,-1,730.2112458943259
45.69372052618515,38.81757590718341,28.66985289553721,0.0,0.0,0.0,628.2654252023498,2392.1417097460635,2227.227738165652,1018.6346581936017,1249.5711266940536,877.3386810122662,687.5381061057674,525.5620067601462,0.0,0.0,0,0,0,0,0,0,0,0,0,0,0,0,0,0,0,0,0,0,0,0,0,2,2,1,1,1,0,0,-1,-1,-1,-1,-1,-1,-1,-1,-1,-1,-1,-1,-1,-1,-1,-1,-1,-1,-1,-1,-1,-1,668.942115643652
44.32861752295855,12.56479881510738,51.98932406430389,0.0,0.0,0.0,628.2654252023498,2392.1417097460635,2226.127752300277,2127.7849120179944,1630.8020564194846,1018.6346581936017,687.5381061057674,471.0083080456788,0.0,0.0,0,0,0,0,0,0,0,0,0,0,0,0,0,0,0,0,0,0,0,0,0,2,2,2,2,1,0,0,-1,-1,-1,-1,-1,-1,-1,-1,-1,-1,-1,-1,-1,-1,-1,-1,-1,-1,-1,-1,-1,-1,709.0717359459189
26.334077934971457,37.2747469760553,37.14232511948358,0.0,0.0,0.0,805.5278583660453,1196.600635528421,2226.127752300277,2127.7849120179944,1630.8020564194846,1018.6346581936017,590.8682637939636,471.0083080456788,0.0,0.0,0,0,0,0,0,0,0,0,0,0,0,0,0,0,0,0,0,0,0,0,1,1,2,2,2,1,0,0,-1,-1,-1,-1,-1,-1,-1,-1,-1,-1,-1,-1,-1,-1,-1,-1,-1,-1,-1,-1,-1,-1,569.9923704117388
25.01861504095309,56.06023204147124,37.14232511948358,0.0,0.0,0.0,805.5278583660453,1196.600635528421,2226.127752300277,2127.7849120179944,1630.8020564194846,1018.6346581936017,590.8682637939636,1521.4069544734036,418.07863612812815,0.0,0,0,0,0,0,0,0,0,0,0,0,0,0,0,0,0,0,0,0,0,1,1,2,2,2,1,0,1,0,-1,-1,-1,-1,-1,-1,-1,-1,-1,-1,-1,-1,-1,-1,-1,-1,-1,-1,-1,-1,-1,779.3834547879834
37.82576321667908,28.708960750431995,20.54496927565018,0.0,0.0,0.0,805.5278583660453,1679.4439962534511,1630.8020564194846,515.6734436189967,0.0,0.0,590.8682637939636,1521.4069544734036,418.07863612812815,0.0,0,0,0,0,0,0,0,0,0,0,0,0,0,0,0,0,0,0,0,0,1,2,2,0,-1,-1,0,1,0,-1,-1,-1,-1,-1,-1,-1,-1,-1,-1,-1,-1,-1,-1,-1,-1,-1,-1,-1,-1,-1,686.0427249253976
50.03723008190618,0.0,51.170008069021165,0.0,0.0,0.0,2791.147141457057,1679.4439962534511,1630.8020564194846,515.6734436189967,2143.2883599075767,491.7936094887716,590.8682637939636,0.0,418.07863612812815,0.0,0,0,0,0,0,0,0,0,0,0,0,0,0,0,0,0,0,0,0,0,2,2,2,0,2,0,0,-1,0,-1,-1,-1,-1,-1,-1,-1,-1,-1,-1,-1,-1,-1,-1,-1,-1,-1,-1,-1,-1,-1,719.1632833163167
35.36857781087118,26.42557393236238,51.170008069021165,0.0,0.0,0.0,2791.147141457057,1679.4439962534511,1630.8020564194846,802.4783016818473,2143.2883599075767,491.7936094887716,1338.697343266122,515.6734436189967,418.07863612812815,0.0,0,0,0,0,0,0,0,0,0,0,0,0,0,0,0,0,0,0,0,0,2,2,2,1,2,0,1,0,0,-1,-1,-1,-1,-1,-1,-1,-1,-1,-1,-1,-1,-1,-1,-1,-1,-1,-1,-1,-1,-1,710.5201660590208
38.9674857284686,42.03900271537892,37.86853702439327,0.0,0.0,0.0,2791.147141457057,1679.4439962534511,1630.8020564194846,802.4783016818473,1265.1289132729594,491.7936094887716,1338.697343266122,515.6734436189967,563.0417833158981,0.0,0,0,0,0,0,0,0,0,0,0,0,0,0,0,0,0,0,0,0,0,2,2,2,1,1,0,1,0,0,-1,-1,-1,-1,-1,-1,-1,-1,-1,-1,-1,-1,-1,-1,-1,-1,-1,-1,-1,-1,-1,715.2730959598515
14.817572598659718,71.10589977783263,0.0,0.0,0.0,0.0,983.9700804154276,1058.378048838097,839.4689362482208,802.4783016818473,1265.1289132729594,597.5596412478345,811.8516305313378,0.0,0.0,0.0,0,0,0,0,0,0,0,0,0,0,0,0,0,0,0,0,0,0,0,0,1,1,1,1,1,0,1,-1,-1,-1,-1,-1,-1,-1,-1,-1,-1,-1,-1,-1,-1,-1,-1,-1,-1,-1,-1,-1,-1,-1,867.8588416542311
30.404566890047157,51.17254998765737,22.00980696418596,0.0,0.0,0.0,983.9700804154276,1058.378048838097,839.4689362482208,1763.8501590844298,1265.1289132729594,597.5596412478345,1782.7223793990054,628.2654252023498,0.0,0.0,0,0,0,0,0,0,0,0,0,0,0,0,0,0,0,0,0,0,0,0,1,1,1,2,1,0,2,0,-1,-1,-1,-1,-1,-1,-1,-1,-1,-1,-1,-1,-1,-1,-1,-1,-1,-1,-1,-1,-1,-1,610.5180189311428
42.34301315462894,12.132806714391508,56.210042827881566,0.0,0.0,0.0,983.9700804154276,2259.7473766264893,1625.2324383417672,1763.8501590844298,1625.2324383417672,597.5596412478345,1782.7223793990054,628.2654252023498,480.2429426719091,0.0,0,0,0,0,0,0,0,0,0,0,0,0,0,0,0,0,0,0,0,0,1,2,2,2,2,0,2,0,0,-1,-1,-1,-1,-1,-1,-1,-1,-1,-1,-1,-1,-1,-1,-1,-1,-1,-1,-1,-1,-1,652.0157357808318
40.059568131049886,10.577635151814366,70.68462541120974,0.0,0.0,0.0,2529.022779409242,2061.955955132473,1625.2324383417672,1763.8501590844298,1625.2324383417672,857.7142691933675,1782.7223793990054,628.2654252023498,480.2429426719091,506.11681433750834,0,0,0,0,0,0,0,0,0,0,0,0,0,0,0,0,0,0,0,0,2,2,2,2,2,1,2,0,0,0,-1,-1,-1,-1,-1,-1,-1,-1,-1,-1,-1,-1,-1,-1,-1,-1,-1,-1,-1,-1,582.7616060510201
54.85232067510548,10.577635151814366,25.783626093973062,0.0,0.0,0.0,2529.022779409242,595.4061779423231,0.0,0.0,1625.2324383417672,857.7142691933675,0.0,628.2654252023498,480.2429426719091,506.11681433750834,0,0,0,0,0,0,0,0,0,0,0,0,0,0,0,0,0,0,0,0,2,0,-1,-1,2,1,-1,0,0,0,-1,-1,-1,-1,-1,-1,-1,-1,-1,-1,-1,-1,-1,-1,-1,-1,-1,-1,-1,-1,720.6431510962708
29.386944651278235,38.47198222661071,41.387871640494076,0.0,0.0,0.0,2529.022779409242,595.4061779423231,2514.5409276262694,940.7363078716186,1625.2324383417672,1120.352497775195,1056.8997874446347,589.1686918820019,0.0,0.0,0,0,0,0,0,0,0,0,0,0,0,0,0,0,0,0,0,0,0,0,2,0,2,1,2,1,1,0,-1,-1,-1,-1,-1,-1,-1,-1,-1,-1,-1,-1,-1,-1,-1,-1,-1,-1,-1,-1,-1,-1,881.3104141910371
39.81136758500869,38.47198222661071,15.604245546521012,0.0,0.0,0.0,419.4461622241998,595.4061779423231,2514.5409276262694,940.7363078716186,0.0,1120.352497775195,1056.8997874446347,589.1686918820019,0.0,0.0,0,0,0,0,0,0,0,0,0,0,0,0,0,0,0,0,0,0,0,0,0,0,2,1,-1,1,1,0,-1,-1,-1,-1,-1,-1,-1,-1,-1,-1,-1,-1,-1,-1,-1,-1,-1,-1,-1,-1,-1,-1,831.7311138441884
40.680069496152896,48.35843001727969,15.604245546521012,0.0,0.0,0.0,419.4461622241998,800.8576688609924,2514.5409276262694,940.7363078716186,631.0513939179824,1120.352497775195,1056.8997874446347,589.1686918820019,0.0,0.0,0,0,0,0,0,0,0,0,0,0,0,0,0,0,0,0,0,0,0,0,0,1,2,1,0,1,1,0,-1,-1,-1,-1,-1,-1,-1,-1,-1,-1,-1,-1,-1,-1,-1,-1,-1,-1,-1,-1,-1,-1,677.4234670435405
36.48548026805659,25.25302394470501,40.13406989013718,0.0,0.0,0.0,419.4461622241998,800.8576688609924,2232.9787954473054,1719.417756124193,631.0513939179824,2514.5409276262694,1245.7441032810002,420.2515221397388,0.0,0.0,0,0,0,0,0,0,0,0,0,0,0,0,0,0,0,0,0,0,0,0,0,1,2,2,0,2,1,0,-1,-1,-1,-1,-1,-1,-1,-1,-1,-1,-1,-1,-1,-1,-1,-1,-1,-1,-1,-1,-1,-1,587.9639412872941
49.54082898982378,15.366576154036041,56.94866861150767,0.0,0.0,0.0,419.4461622241998,2708.859478712651,2232.9787954473054,1719.417756124193,631.0513939179824,2514.5409276262694,1245.7441032810002,420.2515221397388,525.5620067601462,0.0,0,0,0,0,0,0,0,0,0,0,0,0,0,0,0,0,0,0,0,0,0,2,2,2,0,2,1,0,0,-1,-1,-1,-1,-1,-1,-1,-1,-1,-1,-1,-1,-1,-1,-1,-1,-1,-1,-1,-1,-1,792.9248308459179
35.666418466120625,26.437916563811402,70.25634659549375,0.0,0.0,0.0,877.3386810122662,2708.859478712651,2232.9787954473054,1719.417756124193,1265.1289132729594,2514.5409276262694,2143.2883599075767,420.2515221397388,525.5620067601462,491.7936094887716,0,0,0,0,0,0,0,0,0,0,0,0,0,0,0,0,0,0,0,0,1,2,2,2,1,2,2,0,0,0,-1,-1,-1,-1,-1,-1,-1,-1,-1,-1,-1,-1,-1,-1,-1,-1,-1,-1,-1,-1,823.0930800576823
37.00670141474311,41.86620587509257,30.11606976599839,0.0,0.0,0.0,877.3386810122662,2708.859478712651,1249.5711266940536,474.23400989955957,1265.1289132729594,0.0,2143.2883599075767,0.0,525.5620067601462,491.7936094887716,0,0,0,0,0,0,0,0,0,0,0,0,0,0,0,0,0,0,0,0,1,2,1,0,1,-1,2,-1,0,0,-1,-1,-1,-1,-1,-1,-1,-1,-1,-1,-1,-1,-1,-1,-1,-1,-1,-1,-1,-1,667.3999434501019
38.79374534623976,41.02690693655887,25.994662032151943,0.0,0.0,0.0,2045.6698560517057,810.190296171332,1249.5711266940536,474.23400989955957,1265.1289132729594,597.5596412478345,2143.2883599075767,0.0,0.0,491.7936094887716,0,0,0,0,0,0,0,0,0,0,0,0,0,0,0,0,0,0,0,0,2,1,1,0,1,0,2,-1,-1,0,-1,-1,-1,-1,-1,-1,-1,-1,-1,-1,-1,-1,-1,-1,-1,-1,-1,-1,-1,-1,743.9347911337895
45.96674112683048,36.89212540113552,28.390540624418097,0.0,0.0,0.0,2045.6698560517057,810.190296171332,1249.5711266940536,474.23400989955957,2529.022779409242,597.5596412478345,929.2462688167204,780.8292475301611,0.0,0.0,0,0,0,0,0,0,0,0,0,0,0,0,0,0,0,0,0,0,0,0,2,1,1,0,2,0,1,0,-1,-1,-1,-1,-1,-1,-1,-1,-1,-1,-1,-1,-1,-1,-1,-1,-1,-1,-1,-1,-1,-1,704.2724095350173
57.85554728220402,21.463836089854357,40.86648873440507,0.0,0.0,0.0,2045.6698560517057,810.190296171332,2010.2595573766505,474.23400989955957,2529.022779409242,597.5596412478345,929.2462688167204,780.8292475301611,479.1467168674371,0.0,0,0,0,0,0,0,0,0,0,0,0,0,0,0,0,0,0,0,0,0,2,1,2,0,2,0,1,0,0,-1,-1,-1,-1,-1,-1,-1,-1,-1,-1,-1,-1,-1,-1,-1,-1,-1,-1,-1,-1,-1,830.5451918949675
45.47034003474808,32.23895334485312,47.768605300726215,0.0,0.0,0.0,3157.4334564205146,805.5278583660453,2010.2595573766505,877.3386810122662,2529.022779409242,572.2598602075298,929.2462688167204,780.8292475301611,479.1467168674371,0.0,0,0,0,0,0,0,0,0,0,0,0,0,0,0,0,0,0,0,0,0,2,1,2,1,2,0,1,0,0,-1,-1,-1,-1,-1,-1,-1,-1,-1,-1,-1,-1,-1,-1,-1,-1,-1,-1,-1,-1,-1,662.280324873482
32.48945147679325,45.0012342631449,30.047793433058157,0.0,0.0,0.0,3157.4334564205146,805.5278583660453,1683.9607611416393,877.3386810122662,844.2204475370198,572.2598602075298,1119.1330373595124,737.1184338671557,0.0,0.0,0,0,0,0,0,0,0,0,0,0,0,0,0,0,0,0,0,0,0,0,2,1,2,1,1,0,1,0,-1,-1,-1,-1,-1,-1,-1,-1,-1,-1,-1,-1,-1,-1,-1,-1,-1,-1,-1,-1,-1,-1,571.7473408607514
37.77612310747084,55.41841520612194,10.446278939854757,0.0,0.0,0.0,844.2204475370198,805.5278583660453,1683.9607611416393,877.3386810122662,844.2204475370198,785.6232190106965,1119.1330373595124,737.1184338671557,0.0,0.0,0,0,0,0,0,0,0,0,0,0,0,0,0,0,0,0,0,0,0,0,1,1,2,1,1,0,1,0,-1,-1,-1,-1,-1,-1,-1,-1,-1,-1,-1,-1,-1,-1,-1,-1,-1,-1,-1,-1,-1,-1,583.9960404734991
30.429386944651277,55.838064675388786,23.753956923840853,0.0,0.0,0.0,844.2204475370198,2143.2883599075767,1683.9607611416393,877.3386810122662,844.2204475370198,785.6232190106965,1119.1330373595124,839.7218285177887,441.28272842649113,0.0,0,0,0,0,0,0,0,0,0,0,0,0,0,0,0,0,0,0,0,0,1,2,2,1,1,0,1,1,0,-1,-1,-1,-1,-1,-1,-1,-1,-1,-1,-1,-1,-1,-1,-1,-1,-1,-1,-1,-1,-1,759.3975430266391
24.91933482253661,30.708467045174032,53.137607845571345,0.0,0.0,0.0,844.2204475370198,2143.2883599075767,2957.8401968246035,1776.6857356168036,804.6364234793698,1683.9607611416393,563.0417833158981,839.7218285177887,441.28272842649113,0.0,0,0,0,0,0,0,0,0,0,0,0,0,0,0,0,0,0,0,0,0,1,2,2,2,1,2,0,1,0,-1,-1,-1,-1,-1,-1,-1,-1,-1,-1,-1,-1,-1,-1,-1,-1,-1,-1,-1,-1,-1,314.61064879460514
37.676842889054356,30.708467045174032,21.47601017938055,0.0,0.0,0.0,844.2204475370198,514.5578929491571,0.0,1776.6857356168036,804.6364234793698,1683.9607611416393,563.0417833158981,839.7218285177887,441.28272842649113,0.0,0,0,0,0,0,0,0,0,0,0,0,0,0,0,0,0,0,0,0,0,1,0,-1,2,1,2,0,1,0,-1,-1,-1,-1,-1,-1,-1,-1,-1,-1,-1,-1,-1,-1,-1,-1,-1,-1,-1,-1,-1,597.3938330909905
27.922561429635145,34.22611700814613,51.62932158152815,0.0,0.0,0.0,844.2204475370198,514.5578929491571,1700.3789519328436,1776.6857356168036,810.190296171332,1683.9607611416393,3157.4334564205146,1119.1330373595124,611.3363067526898,0.0,0,0,0,0,0,0,0,0,0,0,0,0,0,0,0,0,0,0,0,0,1,0,2,2,1,2,2,1,0,-1,-1,-1,-1,-1,-1,-1,-1,-1,-1,-1,-1,-1,-1,-1,-1,-1,-1,-1,-1,-1,917.0501075554768
38.52072474559444,23.808936065169096,40.48165849419651,0.0,0.0,0.0,1664.9500654494054,514.5578929491571,1700.3789519328436,426.67913363334486,810.190296171332,0.0,3157.4334564205146,1119.1330373595124,611.3363067526898,0.0,0,0,0,0,0,0,0,0,0,0,0,0,0,0,0,0,0,0,0,0,2,0,2,0,1,-1,2,1,0,-1,-1,-1,-1,-1,-1,-1,-1,-1,-1,-1,-1,-1,-1,-1,-1,-1,-1,-1,-1,-1,707.2715547079662
39.93546785802929,33.80646753887929,40.48165849419651,0.0,0.0,0.0,1664.9500654494054,810.190296171332,1700.3789519328436,426.67913363334486,810.190296171332,571.5265531019063,3157.4334564205146,1119.1330373595124,611.3363067526898,0.0,0,0,0,0,0,0,0,0,0,0,0,0,0,0,0,0,0,0,0,0,2,1,2,0,1,0,2,1,0,-1,-1,-1,-1,-1,-1,-1,-1,-1,-1,-1,-1,-1,-1,-1,-1,-1,-1,-1,-1,-1,679.0234245156718
39.587987093571606,20.636879782769686,26.900875178449507,0.0,0.0,0.0,2708.859478712651,810.190296171332,1625.2324383417672,426.67913363334486,862.216948885783,571.5265531019063,597.5596412478345,0.0,0.0,0.0,0,0,0,0,0,0,0,0,0,0,0,0,0,0,0,0,0,0,0,0,2,1,2,0,1,0,0,-1,-1,-1,-1,-1,-1,-1,-1,-1,-1,-1,-1,-1,-1,-1,-1,-1,-1,-1,-1,-1,-1,-1,744.4572267173696
40.77934971456937,26.067637620340655,40.72372912916641,0.0,0.0,0.0,2708.859478712651,2227.227738165652,1625.2324383417672,1249.9777185935363,862.216948885783,571.5265531019063,597.5596412478345,474.23400989955957,0.0,0.0,0,0,0,0,0,0,0,0,0,0,0,0,0,0,0,0,0,0,0,0,2,2,2,1,1,0,0,0,-1,-1,-1,-1,-1,-1,-1,-1,-1,-1,-1,-1,-1,-1,-1,-1,-1,-1,-1,-1,-1,-1,445.61559925017093
60.28791263340779,15.41594667983214,58.57488672335671,0.0,0.0,0.0,2708.859478712651,2227.227738165652,1625.2324383417672,1249.9777185935363,2876.6479329769218,571.5265531019063,597.5596412478345,474.23400989955957,786.0689587834804,0.0,0,0,0,0,0,0,0,0,0,0,0,0,0,0,0,0,0,0,0,0,2,2,2,1,2,0,0,0,0,-1,-1,-1,-1,-1,-1,-1,-1,-1,-1,-1,-1,-1,-1,-1,-1,-1,-1,-1,-1,-1,639.6246330063483
35.91461901216182,57.30683781782277,17.851157594190305,0.0,0.0,0.0,1057.0143914888952,1338.6974430050514,1064.628201689945,1183.409526269737,2876.6479329769218,661.0283556905348,0.0,0.0,786.0689587834804,0.0,0,0,0,0,0,0,0,0,0,0,0,0,0,0,0,0,0,0,0,0,1,1,1,1,2,0,-1,-1,0,-1,-1,-1,-1,-1,-1,-1,-1,-1,-1,-1,-1,-1,-1,-1,-1,-1,-1,-1,-1,-1,875.1296753520585
55.27426160337553,42.70550481362626,28.18571162559742,0.0,0.0,0.0,1057.0143914888952,1338.6974430050514,1064.628201689945,1664.9500654494054,2876.6479329769218,661.0283556905348,780.8292475301611,0.0,786.0689587834804,0.0,0,0,0,0,0,0,0,0,0,0,0,0,0,0,0,0,0,0,0,0,1,1,1,2,2,0,0,-1,0,-1,-1,-1,-1,-1,-1,-1,-1,-1,-1,-1,-1,-1,-1,-1,-1,-1,-1,-1,-1,-1,650.0583436101948
48.721767187887814,40.619600098741046,20.743591335112658,0.0,0.0,0.0,1677.5071213302292,1338.6974430050514,1064.628201689945,1664.9500654494054,887.8565896286426,661.0283556905348,780.8292475301611,521.7258411200543,0.0,0.0,0,0,0,0,0,0,0,0,0,0,0,0,0,0,0,0,0,0,0,0,2,1,1,2,1,0,0,0,-1,-1,-1,-1,-1,-1,-1,-1,-1,-1,-1,-1,-1,-1,-1,-1,-1,-1,-1,-1,-1,-1,475.0364393565349
27.053859518490942,66.26758824981486,10.409037303705542,0.0,0.0,0.0,1677.5071213302292,1234.1400863319082,1064.628201689945,1252.3591672387126,887.8565896286426,930.2590546649918,568.7994490698327,521.7258411200543,0.0,0.0,0,0,0,0,0,0,0,0,0,0,0,0,0,0,0,0,0,0,0,0,2,1,1,1,1,1,0,0,-1,-1,-1,-1,-1,-1,-1,-1,-1,-1,-1,-1,-1,-1,-1,-1,-1,-1,-1,-1,-1,-1,1167.1399316190866
38.744105237031526,37.89187854850654,36.63335609211098,0.0,0.0,0.0,1677.5071213302292,2192.9787383724074,2031.6206895189841,1252.3591672387126,887.8565896286426,930.2590546649918,568.7994490698327,521.7258411200543,471.0083080456788,0.0,0,0,0,0,0,0,0,0,0,0,0,0,0,0,0,0,0,0,0,0,2,2,2,1,1,1,0,0,0,-1,-1,-1,-1,-1,-1,-1,-1,-1,-1,-1,-1,-1,-1,-1,-1,-1,-1,-1,-1,-1,597.2239933013001
23.3060312732688,40.33571957541348,52.057600397244116,0.0,0.0,0.0,2227.227738165652,2192.9787383724074,2031.6206895189841,1252.3591672387126,1935.3696540539536,951.6847859160765,1064.628201689945,468.9441103870208,471.0083080456788,0.0,0,0,0,0,0,0,0,0,0,0,0,0,0,0,0,0,0,0,0,0,2,2,2,1,2,1,1,0,0,-1,-1,-1,-1,-1,-1,-1,-1,-1,-1,-1,-1,-1,-1,-1,-1,-1,-1,-1,-1,-1,722.8667207587475
35.51749813849591,24.882745001234262,64.16113214573895,0.0,0.0,0.0,2227.227738165652,2192.9787383724074,2031.6206895189841,1950.0373944028277,1935.3696540539536,951.6847859160765,1064.628201689945,468.9441103870208,471.0083080456788,491.7936094887716,0,0,0,0,0,0,0,0,0,0,0,0,0,0,0,0,0,0,0,0,2,2,2,2,2,1,1,0,0,0,-1,-1,-1,-1,-1,-1,-1,-1,-1,-1,-1,-1,-1,-1,-1,-1,-1,-1,-1,-1,712.9447130652762
29.436584760486472,54.03604048383115,24.113959406616598,0.0,0.0,0.0,1245.7441032810002,1116.065298514448,694.3373387380856,1950.0373944028277,1935.3696540539536,951.6847859160765,1064.628201689945,0.0,0.0,491.7936094887716,0,0,0,0,0,0,0,0,0,0,0,0,0,0,0,0,0,0,0,0,1,1,0,2,2,1,1,-1,-1,0,-1,-1,-1,-1,-1,-1,-1,-1,-1,-1,-1,-1,-1,-1,-1,-1,-1,-1,-1,-1,479.7929513586276
29.932985852568876,50.740557886941495,25.405002793122712,0.0,0.0,0.0,2143.2883599075767,1116.065298514448,694.3373387380856,1950.0373944028277,979.0148716203655,951.6847859160765,1064.628201689945,512.4109283821189,0.0,0.0,0,0,0,0,0,0,0,0,0,0,0,0,0,0,0,0,0,0,0,0,2,1,0,2,1,1,1,0,-1,-1,-1,-1,-1,-1,-1,-1,-1,-1,-1,-1,-1,-1,-1,-1,-1,-1,-1,-1,-1,-1,979.6536975429511
49.739389426656736,25.857812885707233,43.951337595431696,0.0,0.0,0.0,2143.2883599075767,1116.065298514448,694.3373387380856,2957.8401968246035,979.0148716203655,1980.5304480756645,798.1155822728865,512.4109283821189,0.0,0.0,0,0,0,0,0,0,0,0,0,0,0,0,0,0,0,0,0,0,0,0,2,1,0,2,1,2,0,0,-1,-1,-1,-1,-1,-1,-1,-1,-1,-1,-1,-1,-1,-1,-1,-1,-1,-1,-1,-1,-1,-1,720.328492603337
47.65450483991065,28.59787706739077,62.31146421699461,0.0,0.0,0.0,2143.2883599075767,2957.8401968246035,1338.697343266122,2957.8401968246035,979.0148716203655,1980.5304480756645,798.1155822728865,512.4109283821189,610.3790129723532,0.0,0,0,0,0,0,0,0,0,0,0,0,0,0,0,0,0,0,0,0,0,2,2,1,2,1,2,0,0,0,-1,-1,-1,-1,-1,-1,-1,-1,-1,-1,-1,-1,-1,-1,-1,-1,-1,-1,-1,-1,-1,668.6485757175953
48.746587242491934,26.993334979017526,43.603748991372356,0.0,0.0,0.0,2086.917422091666,2957.8401968246035,1338.697343266122,849.1835975767124,556.239182294382,1980.5304480756645,798.1155822728865,0.0,610.3790129723532,0.0,0,0,0,0,0,0,0,0,0,0,0,0,0,0,0,0,0,0,0,0,2,2,1,1,0,2,0,-1,0,-1,-1,-1,-1,-1,-1,-1,-1,-1,-1,-1,-1,-1,-1,-1,-1,-1,-1,-1,-1,-1,553.8385791012487
51.74981384959047,45.82819057022957,12.947675501210353,0.0,0.0,0.0,2086.917422091666,1525.7075630243467,1338.697343266122,849.1835975767124,556.239182294382,730.6475410317693,798.1155822728865,0.0,0.0,0.0,0,0,0,0,0,0,0,0,0,0,0,0,0,0,0,0,0,0,0,0,2,1,1,1,0,0,0,-1,-1,-1,-1,-1,-1,-1,-1,-1,-1,-1,-1,-1,-1,-1,-1,-1,-1,-1,-1,-1,-1,-1,866.836529646415
43.435095557210225,34.43594174277956,45.503072434982315,0.0,0.0,0.0,2086.917422091666,1525.7075630243467,3157.4334564205146,2086.917422091666,556.239182294382,730.6475410317693,1265.1289132729594,463.43512885869814,0.0,0.0,0,0,0,0,0,0,0,0,0,0,0,0,0,0,0,0,0,0,0,0,2,1,2,2,0,0,1,0,-1,-1,-1,-1,-1,-1,-1,-1,-1,-1,-1,-1,-1,-1,-1,-1,-1,-1,-1,-1,-1,-1,883.7030449383852
40.009928021841645,53.87558627499382,45.503072434982315,0.0,0.0,0.0,2086.917422091666,1525.7075630243467,3157.4334564205146,2086.917422091666,1575.0295402728193,730.6475410317693,1265.1289132729594,463.43512885869814,418.07863612812815,0.0,0,0,0,0,0,0,0,0,0,0,0,0,0,0,0,0,0,0,0,0,2,1,2,2,1,0,1,0,0,-1,-1,-1,-1,-1,-1,-1,-1,-1,-1,-1,-1,-1,-1,-1,-1,-1,-1,-1,-1,-1,816.7221400167097
33.43261355174981,47.51913107874599,24.244305133138848,0.0,0.0,0.0,1819.471380528662,1010.1074178279766,465.83499855134875,2086.917422091666,1575.0295402728193,0.0,1265.1289132729594,463.43512885869814,418.07863612812815,0.0,0,0,0,0,0,0,0,0,0,0,0,0,0,0,0,0,0,0,0,0,2,1,0,2,1,-1,1,0,0,-1,-1,-1,-1,-1,-1,-1,-1,-1,-1,-1,-1,-1,-1,-1,-1,-1,-1,-1,-1,-1,751.193469868203
37.676842889054356,23.94470501110837,58.10315933213332,0.0,0.0,0.0,1819.471380528662,1010.1074178279766,465.83499855134875,2086.917422091666,2630.6390172682836,2824.5981606678024,930.2590546649918,634.3878860277937,418.07863612812815,0.0,0,0,0,0,0,0,0,0,0,0,0,0,0,0,0,0,0,0,0,0,2,1,0,2,2,2,1,0,0,-1,-1,-1,-1,-1,-1,-1,-1,-1,-1,-1,-1,-1,-1,-1,-1,-1,-1,-1,-1,-1,669.3337287027554
40.72970960536113,24.57417921500864,52.218980820557384,0.0,0.0,0.0,2957.8401968246035,1010.1074178279766,465.83499855134875,980.9364238482178,2630.6390172682836,2824.5981606678024,540.9200696050256,634.3878860277937,0.0,0.0,0,0,0,0,0,0,0,0,0,0,0,0,0,0,0,0,0,0,0,0,2,1,0,1,2,2,0,0,-1,-1,-1,-1,-1,-1,-1,-1,-1,-1,-1,-1,-1,-1,-1,-1,-1,-1,-1,-1,-1,-1,591.5465053526399
46.21494167287168,25.635645519624784,49.587238532679535,0.0,0.0,0.0,2533.8807882880765,1096.8684278883825,687.5381061057674,980.9364238482178,2630.6390172682836,2824.5981606678024,540.9200696050256,634.3878860277937,0.0,0.0,0,0,0,0,0,0,0,0,0,0,0,0,0,0,0,0,0,0,0,0,2,1,0,1,2,2,0,0,-1,-1,-1,-1,-1,-1,-1,-1,-1,-1,-1,-1,-1,-1,-1,-1,-1,-1,-1,-1,-1,-1,727.7095436291964
40.48150905931993,42.458652184645764,15.722177394326858,0.0,0.0,0.0,2533.8807882880765,1096.8684278883825,687.5381061057674,980.9364238482178,1363.0685776325743,402.7319231687174,540.9200696050256,0.0,0.0,0.0,0,0,0,0,0,0,0,0,0,0,0,0,0,0,0,0,0,0,0,0,2,1,0,1,1,0,0,-1,-1,-1,-1,-1,-1,-1,-1,-1,-1,-1,-1,-1,-1,-1,-1,-1,-1,-1,-1,-1,-1,-1,654.6426874337121
37.75130305286672,32.01678597877067,41.56787288188195,0.0,0.0,0.0,2533.8807882880765,2392.1417097460635,687.5381061057674,1771.6346260561663,1363.0685776325743,402.7319231687174,1231.3630607446833,431.445012565758,0.0,0.0,0,0,0,0,0,0,0,0,0,0,0,0,0,0,0,0,0,0,0,0,2,2,0,2,1,0,1,0,-1,-1,-1,-1,-1,-1,-1,-1,-1,-1,-1,-1,-1,-1,-1,-1,-1,-1,-1,-1,-1,-1,771.2473105435432
48.59766691486721,32.01678597877067,25.839488548196883,0.0,0.0,0.0,436.7846371289756,2392.1417097460635,687.5381061057674,1771.6346260561663,1363.0685776325743,402.7319231687174,1231.3630607446833,431.445012565758,0.0,0.0,0,0,0,0,0,0,0,0,0,0,0,0,0,0,0,0,0,0,0,0,0,2,0,2,1,0,1,0,-1,-1,-1,-1,-1,-1,-1,-1,-1,-1,-1,-1,-1,-1,-1,-1,-1,-1,-1,-1,-1,-1,727.7621322939121
31.918590220898484,54.455689953097995,0.0,0.0,0.0,0.0,436.7846371289756,965.1748065231225,853.2299120300013,418.07863612812815,1363.0685776325743,0.0,1231.3630607446833,431.445012565758,0.0,0.0,0,0,0,0,0,0,0,0,0,0,0,0,0,0,0,0,0,0,0,0,0,1,1,0,1,-1,1,0,-1,-1,-1,-1,-1,-1,-1,-1,-1,-1,-1,-1,-1,-1,-1,-1,-1,-1,-1,-1,-1,-1,765.2478854944611
